has_banner,has_location,has_extended_profile,has_url,followers,friends,num_posts,has_Duplicate,onlyHasUrl,has_retweet,contains_hashTag,label
0,1,0,0,17,523,43,0,0,1,11,0
0,1,0,0,20,537,61,0,0,2,11,0
0,1,0,0,20,518,53,0,0,2,12,0
0,1,0,0,16,529,46,0,0,1,5,0
0,1,0,0,21,534,42,0,0,3,5,0
0,1,0,0,25,513,45,0,0,1,3,0
0,1,0,0,15,543,52,0,0,3,8,0
0,1,0,0,20,572,63,0,0,1,5,0
0,1,0,0,25,508,51,0,0,3,6,0
0,1,0,0,28,540,52,0,0,1,5,0
0,1,0,0,25,527,56,0,0,1,5,0
0,1,0,0,19,566,53,0,0,3,8,0
0,1,0,0,19,556,64,0,0,3,6,0
0,1,0,0,22,527,39,0,0,2,5,0
0,1,0,0,20,524,58,0,0,2,6,0
0,1,0,0,27,536,48,0,0,3,8,0
0,1,0,0,18,513,56,0,0,1,7,0
0,1,0,0,23,529,45,0,0,1,9,0
0,1,0,0,11,554,56,0,1,2,13,0
0,1,0,0,15,546,39,0,0,3,3,0
0,1,0,0,22,544,53,0,0,2,10,0
0,1,0,0,22,575,63,0,0,1,7,0
0,1,0,0,19,495,52,0,0,3,7,0
0,1,0,0,20,548,40,0,0,0,6,0
0,1,0,0,22,595,39,0,0,1,4,0
0,1,0,0,22,623,57,0,0,1,8,0
0,1,0,0,15,540,60,0,1,1,10,0
0,1,0,0,23,520,47,0,0,3,4,0
0,1,0,0,37,726,61,0,0,6,7,0
0,1,0,0,23,528,57,0,0,3,9,0
0,1,0,0,24,507,56,0,0,0,8,0
0,1,0,0,15,512,42,0,0,1,8,0
0,1,0,0,22,547,51,0,0,1,6,0
0,1,0,0,18,503,47,0,0,4,5,0
0,1,0,0,22,468,40,0,0,0,2,0
0,1,0,0,17,520,61,0,0,2,8,0
0,1,0,0,23,603,64,0,0,2,11,0
0,1,0,0,24,706,58,0,0,0,8,0
0,1,0,0,23,512,54,0,0,3,8,0
0,1,0,0,18,538,41,0,0,4,6,0
0,1,0,0,13,504,53,0,0,1,9,0
0,1,0,0,17,506,46,0,0,1,8,0
0,1,0,0,16,559,48,0,0,1,6,0
0,1,0,0,31,583,52,0,0,2,6,0
0,1,0,0,21,557,44,0,0,3,11,0
0,1,0,0,26,648,57,0,0,1,4,0
0,1,0,0,23,549,62,0,0,2,12,0
0,1,0,0,20,515,45,0,0,2,2,0
0,1,0,0,20,518,51,0,0,2,8,0
0,1,0,0,21,551,58,0,0,2,6,0
0,1,0,0,26,501,44,0,0,1,8,0
0,1,0,0,15,498,55,0,0,1,9,0
0,1,0,0,20,511,40,0,0,1,6,0
0,1,0,0,25,593,44,0,0,0,12,0
0,1,0,0,28,506,49,0,0,2,10,0
0,1,0,0,18,535,51,0,1,2,8,0
0,1,0,0,27,616,67,0,0,4,14,0
0,1,0,0,19,547,44,0,0,1,6,0
0,1,0,0,26,532,42,0,0,1,4,0
0,1,0,0,15,565,52,0,0,1,11,0
0,1,0,0,25,526,55,0,0,1,7,0
0,1,0,0,33,651,43,0,0,3,5,0
0,1,0,0,18,508,52,0,0,1,6,0
0,1,0,0,16,561,62,0,0,2,11,0
0,1,0,0,16,445,37,0,0,0,9,0
0,1,0,0,13,547,50,0,0,2,6,0
0,1,0,0,35,519,44,0,0,6,8,0
0,1,0,0,19,404,44,0,0,0,9,0
0,1,0,0,24,483,56,0,0,0,9,0
0,1,0,0,19,427,48,0,0,0,10,0
0,1,0,0,14,432,39,0,0,1,8,0
0,1,0,0,31,628,44,0,0,4,4,0
0,1,0,0,18,627,69,0,0,1,9,0
0,1,0,0,28,625,60,0,0,1,13,0
0,1,0,0,22,581,49,0,0,2,6,0
0,1,0,0,19,617,65,0,0,2,11,0
0,1,0,0,15,593,67,0,0,7,13,0
0,1,0,0,0,0,52,0,1,2,6,0
0,1,0,0,28,615,59,0,0,1,7,0
0,1,0,0,22,624,64,0,0,2,8,0
0,1,0,0,27,773,54,0,0,2,4,0
0,1,0,0,26,619,65,0,0,2,8,0
0,1,0,0,21,782,63,0,0,5,12,0
0,1,0,0,17,650,65,0,0,1,17,0
0,1,0,0,23,838,65,0,0,3,13,0
0,1,0,0,16,573,52,0,0,3,4,0
0,1,0,0,23,666,71,0,1,2,10,0
0,1,0,0,23,603,70,0,0,3,11,0
0,1,0,0,23,738,60,0,0,2,10,0
0,1,0,0,20,730,62,0,0,2,10,0
0,1,0,0,20,593,58,0,0,1,5,0
0,1,0,0,15,601,64,1,0,2,11,0
0,1,0,0,18,614,56,0,1,4,9,0
0,1,0,0,26,1098,114,0,0,1,22,0
0,1,0,0,21,713,83,0,0,5,10,0
0,1,0,0,19,699,84,0,0,2,11,0
0,1,0,0,29,651,62,0,0,3,10,0
0,1,0,0,15,668,72,0,0,1,10,0
0,1,0,0,18,658,72,0,0,2,12,0
0,1,0,0,22,617,69,0,0,3,13,0
0,1,0,0,31,1152,153,0,0,5,26,0
0,1,0,0,22,672,51,0,0,1,6,0
0,1,0,0,15,573,43,0,0,3,5,0
0,1,0,0,26,639,58,0,0,1,14,0
0,1,0,0,23,621,64,0,0,3,10,0
0,1,0,0,23,584,51,0,0,2,8,0
0,1,0,0,27,962,115,0,0,6,22,0
0,1,0,0,28,708,64,0,0,2,7,0
0,1,0,0,32,1015,94,0,0,2,13,0
0,1,0,0,19,641,68,0,0,1,12,0
0,1,0,0,20,850,89,0,0,2,13,0
0,1,0,0,26,626,55,0,0,2,7,0
0,1,0,0,21,843,70,0,0,2,11,0
0,1,0,0,13,740,55,0,0,2,8,0
0,1,0,0,18,619,73,0,0,2,14,0
0,1,0,0,17,587,50,0,0,2,6,0
0,1,0,0,28,687,75,0,0,2,9,0
0,1,0,0,22,585,59,0,0,3,10,0
0,1,0,0,18,656,56,0,0,2,9,0
0,1,0,0,28,771,70,1,0,4,11,0
0,1,0,0,18,636,67,0,0,3,6,0
0,1,0,0,27,718,73,0,0,2,10,0
0,1,0,0,19,736,74,0,0,2,9,0
0,1,0,0,24,549,60,0,0,3,10,0
0,1,0,0,20,715,63,0,0,1,15,0
0,1,0,0,26,585,64,0,0,3,4,0
0,1,0,0,16,699,52,0,0,1,6,0
0,1,0,0,16,602,64,0,0,3,12,0
0,1,0,0,25,575,47,0,0,0,11,0
0,1,0,0,13,526,69,0,0,4,12,0
0,1,0,0,19,808,65,0,0,3,15,0
0,1,0,0,15,651,76,0,0,0,7,0
0,1,0,0,17,519,50,0,0,3,8,0
0,1,0,0,22,595,54,0,0,3,11,0
0,1,0,0,20,664,68,0,0,2,12,0
0,1,0,0,14,530,51,0,1,1,6,0
0,1,0,0,22,530,50,0,0,2,6,0
0,1,0,0,24,646,53,0,0,2,6,0
0,1,0,0,23,565,56,0,0,2,7,0
0,1,0,0,30,734,65,0,0,3,8,0
0,1,0,0,24,579,52,0,0,1,7,0
0,1,0,0,33,852,80,0,0,2,8,0
0,1,0,0,27,625,53,0,0,3,5,0
0,1,0,0,25,652,60,0,0,1,7,0
0,1,0,0,20,564,60,0,0,2,9,0
0,1,0,0,28,771,48,0,0,3,7,0
0,1,0,0,15,521,68,0,0,1,13,0
0,1,0,0,20,647,78,0,0,5,15,0
0,1,0,0,23,549,58,0,0,1,8,0
0,1,0,0,24,538,49,0,0,1,11,0
0,1,0,0,22,517,62,0,0,3,11,0
0,1,0,0,19,551,55,0,0,0,5,0
0,1,0,0,19,594,59,0,0,2,7,0
0,1,0,0,21,552,60,0,0,2,10,0
0,1,0,0,29,481,44,0,0,2,6,0
0,1,0,0,25,524,54,0,0,2,11,0
0,1,0,0,21,507,56,0,0,1,10,0
0,1,0,0,20,702,72,0,0,2,10,0
0,1,0,0,27,557,64,0,0,0,9,0
0,1,0,0,21,577,57,0,0,3,7,0
0,1,0,0,18,548,51,0,0,3,6,0
0,1,0,0,17,566,59,0,0,1,7,0
0,1,0,0,22,560,61,0,0,1,12,0
0,1,0,0,26,588,41,0,0,1,12,0
0,1,0,0,22,518,57,0,0,4,13,0
0,1,0,0,20,565,36,0,0,4,6,0
0,1,0,0,23,582,40,0,0,2,6,0
0,1,0,0,17,547,36,0,0,1,8,0
0,1,0,0,29,753,77,0,0,8,11,0
0,1,0,0,17,624,64,0,0,3,9,0
0,1,0,0,19,665,41,0,0,2,3,0
0,1,0,0,29,517,48,0,0,2,8,0
0,1,0,0,19,507,49,0,0,2,12,0
0,1,0,0,16,531,41,0,0,0,7,0
0,1,0,0,23,583,66,0,0,1,5,0
0,1,0,0,19,499,58,0,0,2,7,0
0,1,0,0,25,552,51,0,0,3,7,0
0,1,0,0,24,584,56,0,0,1,9,0
0,1,0,0,14,562,62,0,0,2,11,0
0,1,0,0,15,578,53,0,0,1,11,0
0,1,0,0,25,489,50,0,0,2,8,0
0,1,0,0,18,500,48,0,0,2,9,0
0,1,0,0,16,451,39,0,0,0,6,0
0,1,0,0,28,634,63,0,0,2,6,0
0,1,0,0,20,607,58,0,0,1,6,0
0,1,0,0,16,493,52,0,0,3,15,0
0,1,0,0,22,505,62,0,0,3,10,0
0,1,0,0,15,475,58,0,1,0,4,0
0,1,0,0,25,619,61,0,1,4,9,0
0,1,0,0,20,534,46,0,1,3,6,0
0,1,0,0,22,541,48,0,0,1,16,0
0,1,0,0,20,566,55,0,0,2,7,0
0,1,0,0,21,549,48,0,0,2,7,0
0,1,0,0,15,508,50,0,0,1,8,0
0,1,0,0,20,502,46,0,0,1,11,0
0,1,0,0,18,525,40,0,0,0,3,0
0,1,0,0,32,522,47,0,1,4,6,0
0,1,0,0,16,519,57,0,0,2,14,0
0,1,0,0,10,408,48,0,0,1,8,0
0,1,0,0,34,749,75,0,0,2,13,0
0,1,0,0,15,559,60,0,0,2,9,0
0,1,0,0,23,548,54,0,0,3,8,0
0,1,0,0,25,511,39,0,0,1,3,0
0,1,0,0,23,543,59,0,0,3,6,0
0,1,0,0,23,492,43,0,0,0,3,0
0,1,0,0,23,585,58,0,0,3,11,0
0,1,0,0,26,595,44,0,0,2,6,0
0,1,0,0,22,478,49,0,0,1,11,0
0,1,0,0,17,446,40,0,0,0,6,0
0,1,0,0,19,473,42,0,0,1,6,0
0,1,0,0,24,490,57,0,0,1,6,0
0,1,0,0,24,462,41,0,0,2,4,0
0,1,0,0,18,501,49,0,0,0,11,0
0,1,0,0,21,491,45,0,0,2,5,0
0,1,0,0,26,630,59,0,0,1,12,0
0,1,0,0,19,434,42,0,0,0,4,0
0,1,0,0,20,461,26,0,0,0,6,0
0,1,0,0,16,485,44,0,0,1,7,0
0,1,0,0,25,644,59,0,0,2,12,0
0,1,0,0,16,451,41,0,0,1,8,0
0,1,0,0,24,404,40,0,0,0,3,0
0,1,0,0,20,474,42,0,0,2,3,0
0,1,0,0,22,393,31,0,0,0,1,0
0,1,0,0,20,460,53,0,0,1,8,0
0,1,0,0,20,498,40,0,0,1,9,0
0,1,0,0,13,483,47,0,0,0,5,0
0,1,0,0,16,438,45,0,0,0,10,0
0,1,0,0,19,511,51,0,0,1,6,0
0,1,0,0,21,527,49,0,0,1,5,0
0,1,0,0,22,517,54,0,0,0,6,0
0,1,0,0,16,355,44,0,0,1,4,0
0,1,0,0,20,412,35,0,0,0,6,0
0,1,0,0,18,456,54,0,0,0,7,0
0,1,0,0,9,440,41,0,0,1,6,0
0,1,0,0,26,464,38,0,0,0,5,0
0,1,0,0,24,390,39,0,0,0,5,0
0,1,0,0,12,394,25,0,0,0,4,0
0,1,0,0,18,421,35,0,0,0,6,0
0,1,0,0,13,403,48,0,0,0,4,0
0,1,0,0,24,404,38,0,0,1,3,0
0,1,0,0,19,377,39,0,0,1,7,0
0,1,0,0,17,397,46,0,0,0,8,0
0,1,0,0,21,399,45,0,0,1,12,0
0,1,0,0,21,414,33,0,0,0,6,0
0,1,0,0,23,431,41,0,0,1,6,0
0,1,0,0,15,395,39,0,0,1,5,0
0,1,0,0,26,398,52,0,0,1,7,0
0,1,0,0,13,379,35,0,0,1,8,0
0,1,0,0,21,484,45,0,0,2,10,0
0,1,0,0,14,529,39,0,0,2,7,0
0,1,0,0,21,464,28,0,0,0,5,0
0,1,0,0,10,415,34,0,0,2,6,0
0,1,0,0,19,384,47,1,0,2,5,0
0,1,0,0,27,400,43,0,0,0,4,0
0,1,0,0,19,401,42,0,0,0,6,0
0,1,0,0,13,429,34,0,0,1,6,0
0,1,0,0,13,374,32,0,0,1,6,0
0,1,0,0,22,363,37,0,0,1,1,0
0,1,0,0,25,400,44,0,0,2,13,0
0,1,0,0,10,405,38,0,0,0,6,0
0,1,0,0,20,397,31,0,0,0,4,0
0,1,0,0,18,400,54,0,0,2,9,0
0,1,0,0,18,373,29,0,0,0,2,0
0,1,0,0,18,390,28,0,0,0,3,0
0,1,0,0,11,394,35,0,0,1,3,0
0,1,0,0,18,382,39,0,0,0,6,0
0,1,0,0,21,418,42,0,0,1,4,0
0,1,0,0,12,365,29,0,0,1,2,0
0,1,0,0,19,394,35,0,0,1,5,0
0,1,0,0,24,431,41,0,0,0,4,0
0,1,0,0,15,399,46,0,0,3,8,0
0,1,0,0,15,381,30,0,0,1,5,0
0,1,0,0,23,389,40,0,0,1,6,0
0,1,0,0,15,384,37,0,0,1,4,0
0,1,0,0,10,388,42,0,0,0,8,0
0,1,0,0,19,411,37,0,0,1,3,0
0,1,0,0,20,359,27,0,0,1,3,0
0,1,0,0,18,353,36,0,0,0,1,0
0,1,0,0,19,354,41,0,0,0,8,0
0,1,0,0,16,402,44,0,0,0,6,0
0,1,0,0,15,344,38,0,0,2,7,0
0,1,0,0,23,408,33,0,0,1,9,0
0,1,0,0,20,365,38,0,0,2,8,0
0,1,0,0,25,360,31,0,0,2,7,0
0,1,0,0,20,358,30,0,0,1,2,0
0,1,0,0,12,366,49,0,0,1,8,0
0,1,0,0,18,364,38,0,0,1,6,0
0,1,0,0,43,936,149,0,0,3,16,0
0,1,0,0,21,365,47,0,0,1,5,0
0,1,0,0,20,406,34,0,0,1,3,0
0,1,0,0,18,386,40,0,0,0,4,0
0,1,0,0,14,404,43,0,0,4,2,0
0,1,0,0,13,404,37,0,0,0,5,0
0,1,0,0,18,390,33,0,0,2,9,0
0,1,0,0,14,398,44,0,1,1,6,0
0,1,0,0,15,340,33,0,0,1,6,0
0,1,0,0,18,452,40,0,0,1,9,0
0,1,0,0,21,365,27,0,0,0,9,0
0,1,0,0,16,385,44,0,0,0,9,0
0,1,0,0,18,373,36,0,0,1,2,0
0,1,0,0,25,379,38,0,0,3,8,0
0,1,0,0,28,407,39,0,0,2,4,0
0,1,0,0,20,407,30,0,0,2,4,0
0,1,0,0,16,385,30,0,0,0,6,0
0,1,0,0,16,375,51,0,0,1,12,0
0,1,0,0,13,391,38,0,0,1,4,0
0,1,0,0,17,360,35,0,0,0,3,0
0,1,0,0,32,954,111,0,0,1,15,0
0,1,0,0,23,351,51,0,0,1,12,0
0,1,0,0,23,407,40,0,0,7,11,0
0,1,0,0,18,381,38,0,0,1,5,0
0,1,0,0,12,402,28,0,0,1,4,0
0,1,0,0,12,393,50,0,0,0,6,0
0,1,0,0,14,379,39,0,0,1,5,0
0,1,0,0,21,337,37,0,0,0,7,0
0,1,0,0,21,424,36,0,0,0,6,0
0,1,0,0,19,384,36,0,0,0,3,0
0,1,0,0,21,360,37,0,0,1,6,0
0,1,0,0,16,380,34,0,0,1,5,0
0,1,0,0,16,346,36,0,0,0,6,0
0,1,0,0,15,422,47,0,0,3,7,0
0,1,0,0,22,432,33,0,1,0,11,0
0,1,0,0,18,315,14,0,0,1,7,0
0,1,0,0,24,395,38,0,0,3,5,0
0,1,0,0,18,358,40,0,0,0,6,0
0,1,0,0,16,329,31,0,0,0,2,0
0,1,0,0,29,476,61,0,0,0,8,0
0,1,0,0,19,368,42,0,0,0,4,0
0,1,0,0,25,342,33,0,0,1,5,0
0,1,0,0,20,388,25,0,0,1,1,0
0,1,0,0,24,373,37,0,0,0,3,0
0,1,0,0,10,339,23,0,0,1,2,0
0,1,0,0,17,355,30,0,0,0,5,0
0,1,0,0,21,349,35,0,0,0,8,0
0,1,0,0,18,365,40,0,0,3,7,0
0,1,0,0,13,366,47,0,0,2,9,0
0,1,0,0,20,349,42,0,0,0,3,0
0,1,0,0,20,370,34,0,0,2,6,0
0,1,0,0,15,336,29,0,0,0,6,0
0,1,0,0,18,338,36,0,0,1,5,0
0,1,0,0,23,373,39,0,0,1,10,0
0,1,0,0,17,377,25,0,0,0,4,0
0,1,0,0,17,333,35,0,0,1,6,0
0,1,0,0,20,337,42,0,0,0,4,0
0,1,0,0,19,326,35,0,0,0,8,0
0,1,0,0,20,407,42,0,0,1,8,0
0,1,0,0,20,366,39,0,0,0,4,0
0,1,0,0,23,389,48,0,0,3,5,0
0,1,0,0,14,351,31,0,0,1,3,0
0,1,0,0,14,365,50,0,0,2,11,0
0,1,0,0,19,337,37,0,0,1,6,0
0,1,0,0,8,398,46,0,0,0,4,0
0,1,0,0,18,381,41,0,0,1,7,0
0,1,0,0,14,300,30,0,0,1,7,0
0,1,0,0,20,383,37,0,0,1,5,0
0,1,0,0,11,362,42,0,0,3,5,0
0,1,0,0,14,365,33,0,0,0,7,0
0,1,0,0,18,371,27,0,0,0,5,0
0,1,0,0,16,349,34,0,0,0,7,0
0,1,0,0,16,369,26,0,0,2,8,0
0,1,0,0,16,330,33,0,0,1,3,0
0,1,0,0,15,369,41,0,0,0,2,0
0,1,0,0,18,357,23,0,0,0,3,0
0,1,0,0,10,361,41,0,0,1,10,0
0,1,0,0,24,406,31,0,0,1,6,0
0,1,0,0,18,333,50,0,0,2,14,0
0,1,0,0,12,322,30,0,0,0,5,0
0,1,0,0,16,345,37,0,0,1,4,0
0,1,0,0,18,334,39,0,0,0,6,0
0,1,0,0,11,370,41,0,0,1,5,0
0,1,0,0,18,390,32,0,0,1,3,0
0,1,0,0,18,394,39,0,0,1,9,0
0,1,0,0,23,349,27,0,0,0,5,0
0,1,0,0,23,459,54,0,0,0,7,0
0,1,0,0,19,336,39,0,0,0,6,0
0,1,0,0,25,361,34,0,0,1,6,0
0,1,0,0,20,321,33,0,0,0,7,0
0,1,0,0,17,310,32,0,0,0,7,0
0,1,0,0,13,515,62,0,0,1,11,0
0,1,0,0,17,341,39,0,0,1,2,0
0,1,0,0,17,345,47,0,0,0,10,0
0,1,0,0,23,353,32,0,0,2,5,0
0,1,0,0,18,350,28,0,0,2,5,0
0,1,0,0,22,285,31,0,0,3,5,0
0,1,0,0,16,384,38,0,0,2,5,0
0,1,0,0,11,317,39,0,0,0,2,0
0,1,0,0,25,367,41,0,0,0,8,0
0,1,0,0,25,503,71,0,0,2,14,0
0,1,0,0,15,394,28,0,0,3,3,0
0,1,0,0,26,532,63,0,0,1,5,0
0,1,0,0,22,346,36,0,0,0,7,0
0,1,0,0,22,340,35,0,0,0,4,0
0,1,0,0,22,453,50,0,0,1,5,0
0,1,0,0,24,521,60,0,0,0,10,0
0,1,0,0,27,490,56,0,0,1,6,0
0,1,0,0,23,359,39,0,0,1,4,0
0,1,0,0,19,340,29,0,0,1,6,0
0,1,0,0,22,372,35,0,0,1,6,0
0,1,0,0,13,385,40,0,0,1,7,0
0,1,0,0,15,320,36,0,0,1,10,0
0,1,0,0,15,312,17,0,0,1,3,0
0,1,0,0,13,310,37,0,0,1,4,0
0,1,0,0,18,318,29,0,0,0,4,0
0,1,0,0,22,357,23,0,0,1,2,0
0,1,0,0,20,330,48,0,0,2,9,0
0,1,0,0,26,360,41,0,0,1,9,0
0,1,0,0,19,330,42,0,0,0,6,0
0,1,0,0,15,364,25,0,0,1,5,0
0,1,0,0,12,346,34,0,0,1,4,0
0,1,0,0,21,338,38,0,0,0,4,0
0,1,0,0,28,530,61,0,0,1,19,0
0,1,0,0,17,315,32,0,0,1,6,0
0,1,0,0,18,305,39,0,0,1,2,0
0,1,0,0,20,539,56,0,0,1,9,0
0,1,0,0,22,528,60,0,0,0,11,0
0,1,0,0,14,336,46,0,0,1,4,0
0,1,0,0,9,338,28,0,0,0,0,0
0,1,0,0,14,370,39,0,0,0,6,0
0,1,0,0,14,321,28,0,0,2,1,0
0,1,0,0,22,314,36,0,0,1,11,0
0,1,0,0,13,312,29,0,0,1,3,0
0,1,0,0,25,443,50,0,0,1,10,0
0,1,0,0,16,327,28,0,0,1,1,0
0,1,0,0,23,501,60,0,0,1,10,0
0,1,0,0,12,320,33,0,0,0,7,0
0,1,0,0,18,403,51,0,0,0,3,0
0,1,0,0,15,372,50,0,0,0,8,0
0,1,0,0,25,519,62,0,0,0,14,0
0,1,0,0,23,539,50,0,0,0,9,0
0,1,0,0,23,344,32,0,0,1,1,0
0,1,0,0,20,348,33,0,0,1,4,0
0,1,0,0,14,315,38,0,0,1,6,0
0,1,0,0,27,520,57,0,0,1,11,0
0,1,0,0,8,344,29,0,0,0,7,0
0,1,0,0,19,353,28,0,0,1,5,0
0,1,0,0,12,327,24,0,0,0,1,0
0,1,0,0,17,318,30,0,0,1,2,0
0,1,0,0,12,356,42,0,0,0,7,0
0,1,0,0,20,370,45,0,0,1,11,0
0,1,0,0,23,350,31,0,0,0,6,0
0,1,0,0,19,388,37,0,0,0,6,0
0,1,0,0,18,333,41,0,0,0,2,0
0,1,0,0,16,343,41,0,0,0,8,0
0,1,0,0,21,336,37,0,0,0,9,0
0,1,0,0,16,429,38,0,0,1,5,0
0,1,0,0,12,312,27,0,0,0,3,0
0,1,0,0,11,408,46,0,0,2,10,0
0,1,0,0,16,319,34,0,0,0,4,0
0,1,0,0,13,346,28,0,0,0,9,0
0,1,0,0,25,328,34,0,0,1,7,0
0,1,0,0,17,295,23,0,0,0,5,0
0,1,0,0,19,304,30,0,1,0,4,0
0,1,0,0,12,334,36,0,0,1,3,0
0,1,0,0,24,379,30,0,0,1,2,0
0,1,0,0,14,347,42,0,0,0,10,0
0,1,0,0,10,336,27,0,0,2,2,0
0,1,0,0,13,321,35,0,1,1,3,0
0,1,0,0,21,335,31,0,0,1,6,0
0,1,0,0,15,353,20,0,0,0,3,0
0,1,0,0,16,373,37,0,0,1,7,0
0,1,0,0,13,329,31,0,0,0,5,0
0,1,0,0,17,362,21,0,0,0,4,0
0,1,0,0,15,337,34,0,0,1,4,0
0,1,0,0,17,344,26,0,0,0,6,0
0,1,0,0,20,332,41,0,0,0,7,0
0,1,0,0,11,319,39,0,0,1,8,0
0,1,0,0,8,342,29,0,0,2,4,0
0,1,0,0,16,310,27,0,0,2,7,0
0,1,0,0,17,300,26,0,0,1,5,0
0,1,0,0,13,334,33,0,0,1,3,0
0,1,0,0,18,312,39,0,0,2,3,0
0,1,0,0,24,349,42,0,0,0,8,0
0,1,0,0,15,348,27,0,0,1,5,0
0,1,0,0,25,299,30,0,0,0,2,0
0,1,0,0,14,348,42,0,0,0,4,0
0,1,0,0,20,309,35,0,0,0,7,0
0,1,0,0,17,418,52,0,0,1,7,0
0,1,0,0,17,333,26,0,0,0,4,0
0,1,0,0,20,350,35,0,0,2,10,0
0,1,0,0,17,351,30,0,0,0,4,0
0,1,0,0,10,394,44,0,0,1,7,0
0,1,0,0,15,332,39,0,0,2,3,0
0,1,0,0,16,311,41,0,0,1,6,0
0,1,0,0,14,332,36,0,0,0,5,0
0,1,0,0,14,273,35,0,0,0,5,0
0,1,0,0,16,336,34,0,0,0,7,0
0,1,0,0,15,343,30,0,0,0,1,0
0,1,0,0,22,293,29,0,0,0,6,0
0,1,0,0,17,343,31,0,0,1,4,0
0,1,0,0,12,302,33,0,0,0,4,0
0,1,0,0,15,326,35,0,0,1,7,0
0,1,0,0,18,328,36,0,0,0,6,0
0,1,0,0,11,355,50,0,0,0,5,0
0,1,0,0,11,329,21,0,0,1,3,0
0,1,0,0,20,322,33,0,0,1,4,0
0,1,0,0,12,311,25,0,0,1,4,0
0,1,0,0,10,276,33,0,0,2,9,0
0,1,0,0,12,350,36,0,0,1,5,0
0,1,0,0,16,316,32,0,0,0,8,0
0,1,0,0,18,333,34,0,0,0,5,0
0,1,0,0,16,374,46,0,0,1,6,0
0,1,0,0,19,370,31,0,0,1,7,0
0,1,0,0,7,321,24,0,0,0,4,0
0,1,0,0,12,321,32,0,0,1,6,0
0,1,0,0,13,330,34,0,0,1,1,0
0,1,0,0,20,412,48,0,0,1,6,0
0,1,0,0,23,371,39,0,0,1,10,0
0,1,0,0,29,313,33,0,0,0,8,0
0,1,0,0,22,312,42,0,0,0,11,0
0,1,0,0,17,335,36,0,0,0,1,0
0,1,0,0,19,337,31,0,0,0,6,0
0,1,0,0,15,308,35,0,0,1,4,0
0,1,0,0,11,354,20,0,0,0,3,0
0,1,0,0,14,330,41,0,0,1,6,0
0,1,0,0,14,327,35,0,0,1,8,0
0,1,0,0,19,323,26,0,0,0,4,0
0,1,0,0,17,325,26,0,0,0,3,0
0,1,0,0,9,333,42,0,0,1,7,0
0,1,0,0,23,341,26,0,0,1,2,0
0,1,0,0,12,333,30,0,0,1,1,0
0,1,0,0,22,540,59,0,0,2,7,0
0,1,0,0,15,520,47,0,0,1,7,0
0,1,0,0,17,536,53,0,0,1,10,0
0,1,0,0,17,325,32,0,0,1,8,0
0,1,0,0,23,354,33,0,0,1,7,0
0,1,0,0,17,314,30,0,0,0,5,0
0,1,0,0,18,302,32,0,0,1,3,0
0,1,0,0,10,293,35,0,0,0,9,0
0,1,0,0,30,535,61,0,0,0,10,0
0,1,0,0,20,333,29,0,0,0,7,0
0,1,0,0,18,326,33,0,0,1,8,0
0,1,0,0,13,314,33,0,0,1,4,0
0,1,0,0,27,361,29,0,0,1,7,0
0,1,0,0,12,327,33,0,0,0,3,0
0,1,0,0,15,322,36,0,0,0,4,0
0,1,0,0,14,317,43,0,0,0,6,0
0,1,0,0,18,347,31,0,0,1,5,0
0,1,0,0,15,322,16,0,0,0,1,0
0,1,0,0,14,314,26,0,0,1,5,0
0,1,0,0,13,307,30,0,0,1,7,0
0,1,0,0,17,319,31,0,0,1,8,0
0,1,0,0,14,361,48,0,0,0,8,0
0,1,0,0,17,313,26,0,0,0,7,0
0,1,0,0,15,338,40,0,0,1,5,0
0,1,0,0,14,323,26,0,0,0,3,0
0,1,0,0,10,292,30,0,0,0,2,0
0,1,0,0,13,347,28,0,0,0,5,0
0,1,0,0,20,299,27,0,0,2,3,0
0,1,0,0,21,276,19,0,0,1,5,0
0,1,0,0,16,299,28,0,0,0,4,0
0,1,0,0,15,324,23,0,0,0,4,0
0,1,0,0,17,336,32,0,0,1,5,0
0,1,0,0,19,310,23,0,0,1,4,0
0,1,0,0,12,305,31,0,0,1,5,0
0,1,0,0,17,305,24,0,0,1,2,0
0,1,0,0,14,348,25,0,0,0,3,0
0,1,0,0,17,295,30,0,0,0,5,0
0,1,0,0,22,286,34,0,0,0,4,0
0,1,0,0,23,323,38,0,1,0,3,0
0,1,0,0,25,323,37,0,0,1,5,0
0,1,0,0,17,288,38,0,0,5,9,0
0,1,0,0,23,517,54,0,0,2,12,0
0,1,0,0,18,263,29,0,0,0,5,0
0,1,0,0,16,326,44,0,0,2,4,0
0,1,0,0,18,305,22,0,0,0,2,0
0,1,0,0,18,303,26,0,0,0,2,0
0,1,0,0,18,324,29,0,0,0,3,0
0,1,0,0,21,313,36,0,0,1,4,0
0,1,0,0,15,294,35,0,0,0,7,0
0,1,0,0,25,318,28,0,0,1,4,0
0,1,0,0,16,336,39,0,0,0,4,0
0,1,0,0,17,323,44,0,0,1,6,0
0,1,0,0,32,265,24,0,0,1,3,0
0,1,0,0,18,301,27,0,0,0,6,0
0,1,0,0,18,314,35,0,0,1,5,0
0,1,0,0,17,322,31,0,0,0,1,0
0,1,0,0,14,305,26,0,0,1,3,0
0,1,0,0,15,321,30,0,0,1,5,0
0,1,0,0,20,309,29,0,0,2,4,0
0,1,0,0,16,306,35,0,0,0,7,0
0,1,0,0,9,298,33,0,0,0,5,0
0,1,0,0,24,657,54,0,0,1,6,0
0,1,0,0,20,308,23,0,0,0,4,0
0,1,0,0,18,317,20,0,0,0,1,0
0,1,0,0,13,332,28,0,0,0,4,0
0,1,0,0,16,323,33,0,0,0,4,0
0,1,0,0,11,306,28,0,0,1,6,0
0,1,0,0,23,461,58,0,0,1,8,0
0,1,0,0,14,326,26,0,0,0,7,0
0,1,0,0,32,326,32,0,0,0,5,0
0,1,0,0,15,328,32,0,0,2,10,0
0,1,0,0,16,288,21,0,0,0,1,0
0,1,0,0,22,468,57,0,0,2,13,0
0,1,0,0,17,326,33,0,0,3,4,0
0,1,0,0,24,320,28,0,0,1,5,0
0,1,0,0,15,321,35,0,0,0,4,0
0,1,0,0,23,352,32,0,0,0,8,0
0,1,0,0,22,351,32,0,0,1,9,0
0,1,0,0,17,536,54,0,0,1,7,0
0,1,0,0,10,306,16,0,0,0,4,0
0,1,0,0,19,543,50,0,0,0,8,0
0,1,0,0,16,292,29,0,0,0,7,0
0,1,0,0,25,349,41,0,0,0,8,0
0,1,0,0,16,338,31,0,0,1,10,0
0,1,0,0,24,626,58,0,0,0,10,0
0,1,0,0,18,330,36,0,0,1,6,0
0,1,0,0,19,315,31,0,0,0,8,0
0,1,0,0,14,316,28,0,0,0,3,0
0,1,0,0,20,527,60,1,0,0,8,0
0,1,0,0,18,286,36,0,0,0,6,0
0,1,0,0,19,311,26,0,0,0,4,0
0,1,0,0,19,494,61,0,0,2,12,0
0,1,0,0,23,272,18,0,0,0,2,0
0,1,0,0,15,280,30,0,0,2,5,0
0,1,0,0,14,260,22,0,0,0,3,0
0,1,0,0,13,273,26,0,0,0,1,0
0,1,0,0,18,309,29,0,0,0,2,0
0,1,0,0,23,624,55,0,0,0,10,0
0,1,0,0,48,481,58,0,0,2,9,0
0,1,0,0,16,325,28,0,0,0,1,0
0,1,0,0,15,323,23,0,0,0,4,0
0,1,0,0,21,326,32,0,0,1,5,0
0,1,0,0,18,310,35,0,0,0,5,0
0,1,0,0,9,334,20,0,0,0,2,0
0,1,0,0,26,500,54,0,0,0,9,0
0,1,0,0,0,2,36,0,0,1,7,0
0,1,0,0,25,533,52,0,0,1,6,0
0,1,0,0,22,270,30,0,0,1,7,0
0,1,0,0,23,342,34,0,0,1,7,0
0,1,0,0,11,294,20,0,0,0,0,0
0,1,0,0,26,302,34,0,0,0,8,0
0,1,0,0,21,316,34,0,0,0,7,0
0,1,0,0,18,685,50,0,0,1,3,0
0,1,0,0,11,302,26,0,0,3,2,0
0,1,0,0,18,365,35,0,0,3,5,0
0,1,0,0,23,306,29,0,0,0,6,0
0,1,0,0,15,268,16,0,0,0,4,0
0,1,0,0,28,535,63,0,0,2,10,0
0,1,0,0,15,284,26,0,0,1,7,0
0,1,0,0,20,280,34,0,0,1,4,0
0,1,0,0,12,317,37,0,0,1,3,0
0,1,0,0,20,332,41,0,0,0,6,0
0,1,0,0,24,294,27,0,0,0,3,0
0,1,0,0,14,319,34,0,0,2,7,0
0,1,0,0,10,297,23,0,0,0,3,0
0,1,0,0,16,318,27,0,1,1,5,0
0,1,0,0,18,267,21,0,0,2,4,0
0,1,0,0,17,313,35,0,0,0,5,0
0,1,0,0,18,325,29,0,0,0,6,0
0,1,0,0,9,264,30,0,0,0,4,0
0,1,0,0,24,336,33,0,0,0,6,0
0,1,0,0,14,302,25,0,0,0,4,0
0,1,0,0,13,327,31,0,0,1,5,0
0,1,0,0,23,310,37,0,0,1,6,0
0,1,0,0,17,308,32,0,0,3,6,0
0,1,0,0,11,345,33,0,0,0,8,0
0,1,0,0,18,266,33,0,0,1,4,0
0,1,0,0,16,275,34,0,0,1,3,0
0,1,0,0,20,313,25,0,0,1,2,0
0,1,0,0,13,320,38,0,0,0,8,0
0,1,0,0,17,262,22,0,0,0,4,0
0,1,0,0,17,304,20,0,0,0,1,0
0,1,0,0,12,269,23,0,0,0,5,0
0,1,0,0,16,328,47,0,0,2,10,0
0,1,0,0,16,289,19,0,0,0,2,0
0,1,0,0,22,668,67,0,0,1,8,0
0,1,0,0,18,308,25,0,0,0,4,0
0,1,0,0,20,326,37,0,0,0,5,0
0,1,0,0,16,315,31,0,0,1,6,0
0,1,0,0,14,293,32,0,0,1,6,0
0,1,0,0,20,287,32,0,0,0,7,0
0,1,0,0,21,514,54,0,0,1,5,0
0,1,0,0,13,282,26,0,0,1,5,0
0,1,0,0,15,274,25,0,0,0,4,0
0,1,0,0,14,307,31,0,0,0,7,0
0,1,0,0,18,297,28,0,0,0,2,0
0,1,0,0,25,269,28,0,0,0,3,0
0,1,0,0,17,303,21,0,0,0,5,0
0,1,0,0,15,319,19,0,0,0,2,0
0,1,0,0,12,272,24,0,0,0,1,0
0,1,0,0,18,284,23,0,0,0,4,0
0,1,0,0,18,277,20,0,0,0,5,0
0,1,0,0,15,308,26,0,0,1,3,0
0,1,0,0,20,313,30,0,0,1,3,0
0,1,0,0,19,267,31,0,0,1,6,0
0,1,0,0,19,319,23,0,0,0,4,0
0,1,0,0,13,341,33,0,0,2,1,0
0,1,0,0,19,228,29,0,0,1,2,0
0,1,0,0,21,289,32,0,0,0,7,0
0,1,0,0,21,284,17,0,0,1,6,0
0,1,0,0,15,317,31,0,0,0,4,0
0,1,0,0,16,299,23,1,0,0,6,0
0,1,0,0,16,293,30,0,0,2,3,0
0,1,0,0,19,298,29,0,0,1,3,0
0,1,0,0,14,289,27,0,0,1,4,0
0,1,0,0,23,288,23,0,0,0,1,0
0,1,0,0,19,280,26,0,0,0,5,0
0,1,0,0,10,281,34,0,0,0,4,0
0,1,0,0,12,314,22,0,0,1,2,0
0,1,0,0,21,255,35,0,0,2,6,0
0,1,0,0,17,295,23,0,0,0,2,0
0,1,0,0,10,266,33,0,0,0,2,0
0,1,0,0,16,305,40,0,0,0,6,0
0,1,0,0,12,307,35,0,0,0,5,0
0,1,0,0,14,263,23,0,0,0,5,0
0,1,0,0,14,285,27,0,0,1,4,0
0,1,0,0,16,302,26,0,0,0,7,0
0,1,0,0,17,267,32,0,0,0,5,0
0,1,0,0,18,267,25,0,0,0,4,0
0,1,0,0,22,279,28,0,0,0,7,0
0,1,0,0,15,270,29,0,0,3,4,0
0,1,0,0,18,267,24,0,0,0,2,0
0,1,0,0,15,301,24,0,0,0,4,0
0,1,0,0,15,276,32,0,0,0,4,0
0,1,0,0,8,259,31,0,0,0,2,0
0,1,0,0,6,245,29,0,0,1,3,0
0,1,0,0,20,288,28,0,0,0,6,0
0,1,0,0,16,277,39,0,0,1,6,0
0,1,0,0,13,262,26,0,0,0,5,0
0,1,0,0,12,307,24,0,0,0,2,0
0,1,0,0,12,278,26,0,0,0,1,0
0,1,0,0,18,270,31,0,0,0,5,0
0,1,0,0,24,270,25,0,0,1,7,0
0,1,0,0,12,288,26,0,0,0,3,0
0,1,0,0,16,262,29,0,0,0,6,0
0,1,0,0,7,241,29,0,0,0,5,0
0,1,0,0,23,307,29,0,0,1,6,0
0,1,0,0,12,272,20,0,0,0,5,0
0,1,0,0,19,272,27,0,1,0,3,0
0,1,0,0,16,273,30,0,0,0,3,0
0,1,0,0,17,288,24,0,0,0,7,0
0,1,0,0,22,260,24,0,0,0,4,0
0,1,0,0,11,280,25,0,0,1,1,0
0,1,0,0,16,299,27,0,0,0,6,0
0,1,0,0,21,279,22,0,0,0,4,0
0,1,0,0,17,287,23,0,0,0,2,0
0,1,0,0,17,316,24,0,0,0,6,0
0,1,0,0,15,274,34,0,0,0,7,0
0,1,0,0,17,283,29,0,0,3,4,0
0,1,0,0,20,295,31,0,0,0,4,0
0,1,0,0,18,320,27,0,0,2,10,0
0,1,0,0,13,294,16,0,0,0,2,0
0,1,0,0,23,263,17,0,0,0,4,0
0,1,0,0,15,316,31,0,0,0,1,0
0,1,0,0,16,288,28,0,0,0,3,0
0,1,0,0,12,290,31,0,0,0,4,0
0,1,0,0,16,302,35,0,0,1,2,0
0,1,0,0,19,313,29,0,0,0,8,0
0,1,0,0,22,274,22,0,0,1,2,0
0,1,0,0,18,272,27,0,0,1,4,0
0,1,0,0,20,276,17,0,0,3,3,0
0,1,0,0,18,301,36,0,0,1,6,0
0,1,0,0,16,314,23,0,0,1,5,0
0,1,0,0,22,278,29,0,0,1,0,0
0,1,0,0,15,289,25,0,0,0,2,0
0,1,0,0,16,331,28,0,0,0,7,0
0,1,0,0,11,293,29,0,0,0,2,0
0,1,0,0,14,303,36,0,0,1,2,0
0,1,0,0,12,308,32,0,0,0,6,0
0,1,0,0,13,287,31,0,0,1,2,0
0,1,0,0,12,298,44,0,0,1,10,0
0,1,0,0,11,307,27,0,0,1,8,0
0,1,0,0,10,306,24,0,1,0,5,0
0,1,0,0,13,283,24,0,0,1,3,0
0,1,0,0,16,637,63,0,0,2,8,0
0,1,0,0,11,282,20,0,0,1,4,0
0,1,0,0,17,569,55,0,0,1,8,0
0,1,0,0,14,285,32,0,0,1,3,0
0,1,0,0,20,288,31,0,0,0,2,0
0,1,0,0,27,681,67,0,0,3,13,0
0,1,0,0,18,264,30,0,0,2,1,0
0,1,0,0,11,289,20,0,0,0,5,0
0,1,0,0,21,635,58,0,0,5,12,0
0,1,0,0,16,308,30,0,0,1,8,0
0,1,0,0,22,280,24,0,0,2,3,0
0,1,0,0,21,649,61,0,0,2,8,0
0,1,0,0,12,283,27,0,0,2,6,0
0,1,0,0,18,271,24,0,0,3,4,0
0,1,0,0,30,614,56,0,0,4,6,0
0,1,0,0,21,277,20,0,0,1,6,0
0,1,0,0,9,287,32,0,0,1,4,0
0,1,0,0,15,294,27,0,0,0,3,0
0,1,0,0,25,577,57,0,0,0,9,0
0,1,0,0,20,289,27,0,0,1,4,0
0,1,0,0,20,332,38,0,0,3,6,0
0,1,0,0,22,266,25,0,0,1,5,0
0,1,0,0,18,244,22,0,0,1,6,0
0,1,0,0,21,259,26,0,0,0,5,0
0,1,0,0,18,549,37,0,0,1,8,0
0,1,0,0,15,270,28,0,0,1,7,0
0,1,0,0,13,273,29,0,0,1,5,0
0,1,0,0,8,291,32,0,0,0,4,0
0,1,0,0,12,295,28,0,0,0,2,0
0,1,0,0,16,280,26,0,0,0,4,0
0,1,0,0,21,291,33,0,0,0,4,0
0,1,0,0,25,262,30,0,0,0,2,0
0,1,0,0,13,256,20,0,0,0,5,0
0,1,0,0,18,319,25,0,0,0,1,0
0,1,0,0,18,286,35,0,0,0,7,0
0,1,0,0,17,281,29,0,0,0,3,0
0,1,0,0,20,282,17,0,0,0,1,0
0,1,0,0,25,250,25,0,0,0,5,0
0,1,0,0,17,278,26,0,0,1,3,0
0,1,0,0,14,283,38,0,0,0,6,0
0,1,0,0,17,276,30,0,0,0,6,0
0,1,0,0,14,249,28,0,0,0,5,0
0,1,0,0,15,296,20,0,0,0,3,0
0,1,0,0,17,273,24,0,0,0,4,0
0,1,0,0,13,282,28,0,0,1,4,0
0,1,0,0,9,308,32,0,0,1,5,0
0,1,0,0,14,281,28,0,0,1,9,0
0,1,0,0,18,280,29,0,0,0,5,0
0,1,0,0,10,237,26,0,0,0,1,0
0,1,0,0,16,266,28,0,0,0,0,0
0,1,0,0,16,255,27,0,0,0,7,0
0,1,0,0,21,253,23,0,0,0,2,0
0,1,0,0,13,326,25,0,0,0,1,0
0,1,0,0,19,303,29,0,0,0,7,0
0,1,0,0,21,269,26,0,1,1,5,0
0,1,0,0,19,302,25,0,0,2,3,0
0,1,0,0,12,294,24,0,0,0,2,0
0,1,0,0,11,262,38,0,0,0,6,0
0,1,0,0,19,257,20,0,0,1,3,0
0,1,0,0,21,270,35,0,0,5,7,0
0,1,0,0,18,247,30,0,0,1,5,0
0,1,0,0,22,258,22,0,0,0,5,0
0,1,0,0,11,258,30,0,0,0,8,0
0,1,0,0,13,276,28,0,0,1,5,0
0,1,0,0,18,276,18,0,0,0,1,0
0,1,0,0,21,274,25,0,0,0,1,0
0,1,0,0,16,278,26,0,0,1,3,0
0,1,0,0,17,311,27,0,0,0,6,0
0,1,0,0,26,276,24,0,0,0,6,0
0,1,0,0,16,264,32,0,0,2,3,0
0,1,0,0,17,270,25,0,0,0,3,0
0,1,0,0,14,249,28,0,0,0,5,0
0,1,0,0,15,267,25,0,0,0,5,0
0,1,0,0,14,269,25,0,0,0,2,0
0,1,0,0,14,284,29,0,0,0,2,0
0,1,0,0,9,299,26,0,0,0,1,0
0,1,0,0,25,306,27,0,0,1,4,0
0,1,0,0,15,274,26,0,0,1,2,0
0,1,0,0,13,251,22,0,0,0,3,0
0,1,0,0,13,275,35,0,0,0,8,0
0,1,0,0,13,263,19,0,0,1,3,0
0,1,0,0,13,260,22,0,0,1,1,0
0,1,0,0,13,247,28,0,0,1,3,0
0,1,0,0,22,319,33,0,0,0,7,0
0,1,0,0,21,294,36,0,0,1,4,0
0,1,0,0,13,306,29,0,0,1,7,0
0,1,0,0,12,236,38,0,0,1,5,0
0,1,0,0,20,250,24,0,0,0,6,0
0,1,0,0,10,263,23,0,0,0,4,0
0,1,0,0,14,280,29,0,0,1,4,0
0,1,0,0,20,290,37,0,0,0,6,0
0,1,0,0,15,261,31,0,0,1,1,0
0,1,0,0,12,245,24,0,0,2,4,0
0,1,0,0,9,264,24,0,0,0,6,0
0,1,0,0,14,296,32,0,0,1,3,0
0,1,0,0,20,263,25,0,0,0,3,0
0,1,0,0,14,285,27,0,0,0,8,0
0,1,0,0,19,243,20,0,0,0,2,0
0,1,0,0,21,267,20,0,0,1,6,0
0,1,0,0,14,254,20,0,0,1,2,0
0,1,0,0,13,290,36,0,0,0,6,0
0,1,0,0,15,285,28,0,0,1,2,0
0,1,0,0,17,233,24,0,0,2,9,0
0,1,0,0,13,280,29,0,0,1,6,0
0,1,0,0,15,235,24,0,0,1,4,0
0,1,0,0,12,255,18,0,0,0,2,0
0,1,0,0,42,404,37,0,0,0,4,0
0,1,0,0,18,264,33,0,0,0,9,0
0,1,0,0,17,244,20,0,0,0,7,0
0,1,0,0,12,239,29,0,0,0,8,0
0,1,0,0,15,297,29,0,0,1,6,0
0,1,0,0,12,254,20,0,0,0,1,0
0,1,0,0,23,279,26,0,0,0,1,0
0,1,0,0,18,250,31,0,0,0,4,0
0,1,0,0,18,233,23,0,0,0,5,0
0,1,0,0,23,272,40,0,0,0,5,0
0,1,0,0,11,245,29,0,0,0,2,0
0,1,0,0,22,275,27,0,0,0,4,0
0,1,0,0,14,248,29,0,0,1,7,0
0,1,0,0,16,297,37,0,0,2,4,0
0,1,0,0,21,254,23,0,0,0,2,0
0,1,0,0,11,230,26,0,0,1,2,0
0,1,0,0,15,264,30,0,0,0,7,0
0,1,0,0,22,302,38,0,0,0,7,0
0,1,0,0,20,239,28,0,0,1,7,0
0,1,0,0,21,281,26,0,0,1,5,0
0,1,0,0,13,275,27,0,0,0,5,0
0,1,0,0,16,251,32,0,0,3,4,0
0,1,0,0,13,274,30,0,0,1,4,0
0,1,0,0,20,259,31,0,0,0,3,0
0,1,0,0,18,291,29,0,0,0,2,0
0,1,0,0,25,522,56,0,0,0,5,0
0,1,0,0,15,252,36,0,0,0,6,0
0,1,0,0,21,273,13,0,0,0,0,0
0,1,0,0,11,253,22,0,0,0,5,0
0,1,0,0,12,307,26,0,0,0,1,0
0,1,0,0,22,303,30,0,0,0,4,0
0,1,0,0,20,280,34,0,0,0,5,0
0,1,0,0,17,281,28,0,0,0,3,0
0,1,0,0,14,265,30,0,0,0,4,0
0,1,0,0,20,259,17,0,0,0,4,0
0,1,0,0,15,271,30,0,0,0,6,0
0,1,0,0,11,275,29,0,0,0,2,0
0,1,0,0,13,299,53,0,0,1,6,0
0,1,0,0,16,294,35,0,0,0,2,0
0,1,0,0,16,290,36,0,0,0,4,0
0,1,0,0,12,301,35,0,0,1,3,0
0,1,0,0,13,238,26,0,0,1,4,0
0,1,0,0,12,286,32,0,0,1,5,0
0,1,0,0,17,252,29,0,0,0,5,0
0,1,0,0,12,260,34,0,0,1,5,0
0,1,0,0,16,284,40,0,0,0,5,0
0,1,0,0,25,272,28,0,0,0,4,0
0,1,0,0,17,278,26,0,0,0,4,0
0,1,0,0,7,296,27,0,0,0,2,0
0,1,0,0,20,300,37,0,0,0,5,0
0,1,0,0,23,284,32,0,0,1,6,0
0,1,0,0,42,435,61,0,0,1,8,0
0,1,0,0,17,300,32,0,0,1,7,0
0,1,0,0,13,275,19,0,0,0,3,0
0,1,0,0,10,259,24,0,0,0,4,0
0,1,0,0,12,290,37,0,0,1,4,0
0,1,0,0,12,252,22,0,0,1,6,0
0,1,0,0,10,237,14,0,0,0,1,0
0,1,0,0,13,237,34,0,0,0,3,0
0,1,0,0,15,216,22,0,0,1,4,0
0,1,0,0,14,251,34,0,0,1,10,0
0,1,0,0,14,251,21,0,0,0,4,0
0,1,0,0,11,241,22,0,0,0,1,0
0,1,0,0,7,221,29,0,0,2,7,0
0,1,0,0,12,242,35,0,0,1,5,0
0,1,0,0,11,272,30,0,0,2,3,0
0,1,0,0,9,237,33,0,0,0,5,0
0,1,0,0,7,263,22,0,0,1,3,0
0,1,0,0,12,201,31,0,0,0,8,0
0,1,0,0,17,215,26,0,0,0,3,0
0,1,0,0,8,233,31,0,0,0,3,0
0,1,0,0,19,224,28,0,0,0,5,0
0,1,0,0,15,256,32,0,0,1,6,0
0,1,0,0,8,240,28,0,0,1,6,0
0,1,0,0,11,207,20,0,0,0,2,0
0,1,0,0,12,224,30,0,0,1,2,0
0,1,0,0,5,190,14,0,0,0,2,0
0,1,0,0,7,205,28,0,0,1,5,0
0,1,0,0,14,265,19,0,0,0,4,0
0,1,0,0,9,197,29,0,0,0,6,0
0,1,0,0,16,268,24,0,0,1,2,0
0,1,0,0,11,244,22,0,0,0,5,0
0,1,0,0,14,204,24,0,0,0,1,0
0,1,0,0,11,242,31,0,0,2,8,0
0,1,0,0,18,219,26,0,0,0,8,0
0,1,0,0,11,218,26,0,0,0,7,0
0,1,0,0,16,227,37,0,0,0,8,0
0,1,0,0,8,232,26,0,0,1,5,0
0,1,0,0,16,214,24,0,0,0,5,0
0,1,0,0,12,228,19,0,0,0,3,0
0,1,0,0,8,203,25,0,0,1,2,0
0,1,0,0,13,221,35,0,0,0,4,0
0,1,0,0,7,201,18,0,0,1,5,0
0,1,0,0,8,210,25,0,0,0,2,0
0,1,0,0,6,204,17,0,0,0,3,0
0,1,0,0,14,202,27,0,0,0,6,0
0,1,0,0,11,228,34,0,0,1,6,0
0,1,0,0,12,210,23,0,0,0,3,0
0,1,0,0,16,216,19,0,0,1,0,0
0,1,0,0,8,222,25,0,0,0,3,0
0,1,0,0,9,224,28,0,0,1,9,0
0,1,0,0,12,214,23,0,0,0,3,0
0,1,0,0,8,219,27,0,0,0,4,0
0,1,0,0,11,228,30,0,0,0,6,0
0,1,0,0,14,201,20,0,0,1,5,0
0,1,0,0,15,236,21,0,0,0,4,0
0,1,0,0,11,253,32,0,0,1,6,0
0,1,0,0,12,211,21,0,0,0,1,0
0,1,0,0,13,204,27,0,0,0,3,0
0,1,0,0,7,210,21,0,0,0,5,0
0,1,0,0,11,203,26,0,0,0,4,0
0,0,0,0,0,37,2,0,0,0,0,0
0,1,0,0,0,34,1,0,0,0,0,0
0,0,0,0,1,23,4,0,0,0,0,0
0,1,0,0,0,35,3,0,0,0,0,0
0,1,0,0,1,22,3,0,0,0,0,0
0,0,0,0,2,44,3,0,0,0,0,0
0,1,0,0,1,32,4,0,0,0,0,0
0,1,0,0,1,33,3,0,0,0,0,0
0,1,0,0,1,30,2,0,0,0,0,0
0,1,0,0,2,29,3,0,0,0,0,0
0,1,0,0,0,37,4,0,0,0,0,0
0,1,0,0,2,42,3,0,0,0,0,0
0,0,0,0,2,24,3,0,0,0,0,0
0,0,0,0,2,26,2,0,0,0,0,0
0,1,0,0,1,22,3,0,0,0,0,0
0,1,0,0,0,36,2,0,0,0,0,0
0,1,0,0,0,40,2,0,0,0,0,0
0,0,0,0,3,46,3,0,0,0,0,0
0,0,0,0,1,33,1,0,0,0,0,0
0,1,0,0,1,27,3,0,0,0,0,0
0,1,0,0,1,32,1,0,0,0,0,0
0,1,0,0,0,21,2,0,0,0,0,0
0,1,0,0,2,43,4,0,0,0,0,0
0,1,0,0,1,24,2,0,0,0,0,0
0,1,0,0,1,42,3,0,0,0,0,0
0,0,0,0,0,39,2,0,0,0,0,0
0,0,0,0,4,36,4,0,0,0,0,0
0,0,0,0,0,37,3,0,0,0,0,0
0,1,0,0,1,39,3,0,0,0,0,0
0,1,0,0,3,31,4,0,0,0,0,0
0,1,0,0,2,38,2,0,0,0,0,0
0,1,0,0,0,31,2,0,0,0,0,0
0,1,0,0,0,31,5,0,0,0,0,0
0,1,0,0,3,32,3,0,0,0,0,0
0,0,0,0,1,42,3,0,0,0,0,0
0,0,0,0,0,17,4,0,0,0,0,0
0,1,0,0,0,41,4,0,0,0,0,0
0,1,0,0,2,24,2,0,0,0,0,0
0,1,0,0,1,44,3,0,0,0,0,0
0,1,0,0,2,21,1,0,0,0,0,0
0,0,0,0,2,48,3,0,0,0,0,0
0,0,0,0,0,48,3,0,0,0,0,0
0,0,0,0,0,38,2,0,0,0,0,0
0,1,0,0,1,36,5,0,0,0,0,0
0,1,0,0,0,32,3,0,0,1,0,0
0,1,0,0,0,11,1,0,0,0,0,0
0,1,0,0,1,32,1,0,0,0,0,0
0,1,0,0,3,54,3,0,0,0,0,0
0,0,0,0,1,22,3,0,0,0,0,0
0,1,0,0,0,31,2,0,0,1,0,0
0,0,0,0,0,41,5,0,0,0,0,0
0,1,0,0,0,29,3,0,0,0,0,0
0,1,0,0,0,40,4,0,0,0,0,0
0,1,0,0,0,31,2,0,0,0,0,0
0,0,0,0,0,36,4,0,0,0,0,0
0,0,0,0,2,29,2,0,0,0,0,0
0,0,0,0,1,32,1,0,0,0,0,0
0,1,0,0,1,34,3,0,0,0,0,0
0,1,0,0,1,45,4,0,0,0,0,0
0,0,0,0,0,21,3,0,0,0,0,0
0,1,0,0,1,36,2,0,0,0,0,0
0,1,0,0,4,25,1,0,0,0,0,0
0,0,0,0,0,39,3,0,0,0,0,0
0,1,0,0,1,24,1,0,0,0,0,0
0,1,0,0,2,22,1,0,0,0,0,0
0,1,0,0,0,42,3,0,0,0,0,0
0,0,0,0,0,28,2,0,0,0,0,0
0,0,0,0,0,33,4,0,0,0,0,0
0,1,0,0,1,38,2,0,0,0,0,0
0,1,0,0,3,36,2,0,0,0,0,0
0,1,0,0,0,29,2,0,0,0,0,0
0,1,0,0,0,33,2,0,0,0,0,0
0,0,0,0,1,36,2,0,0,0,0,0
0,1,0,0,6,45,2,0,0,0,0,0
0,1,0,0,3,33,3,0,0,0,0,0
0,1,0,0,1,38,3,0,0,0,0,0
0,1,0,0,1,24,4,0,0,0,0,0
0,1,0,0,0,30,3,0,0,0,0,0
0,0,0,0,1,25,1,0,0,0,0,0
0,1,0,0,1,20,1,0,0,0,0,0
0,0,0,0,1,23,3,0,0,0,0,0
0,1,0,0,1,24,4,0,0,0,0,0
0,1,0,0,0,34,3,0,0,0,0,0
0,0,0,0,1,23,1,0,0,0,0,0
0,1,0,0,2,26,1,0,0,0,0,0
0,0,0,0,0,25,4,0,0,0,0,0
0,1,0,0,3,24,2,0,0,0,0,0
0,1,0,0,2,26,6,0,0,0,0,0
0,0,0,0,1,34,3,0,0,0,0,0
0,0,0,0,1,22,3,0,0,0,0,0
0,1,0,0,0,25,2,0,0,0,0,0
0,0,0,0,0,24,3,0,0,0,0,0
0,1,0,0,0,28,4,0,0,0,0,0
0,1,0,0,1,21,1,0,0,0,0,0
0,1,0,0,1,22,2,0,0,0,0,0
0,1,0,0,0,25,1,0,0,0,0,0
0,0,0,0,0,24,3,0,0,0,0,0
0,1,0,0,1,26,2,0,0,0,0,0
0,0,0,0,1,28,3,0,0,0,0,0
0,0,0,0,1,18,2,0,0,0,0,0
0,1,0,0,0,31,3,0,0,0,0,0
0,1,0,0,1,9,1,0,0,0,0,0
0,1,0,0,0,28,4,0,0,0,0,0
0,1,0,0,1,17,2,0,0,0,0,0
0,0,0,0,1,27,4,0,0,0,0,0
0,1,0,0,0,19,3,0,0,0,0,0
0,0,0,0,1,20,3,0,0,0,0,0
0,1,0,0,1,19,1,0,0,0,0,0
0,0,0,0,0,19,6,0,0,0,0,0
0,0,0,0,0,16,1,0,0,0,0,0
0,1,0,0,1,21,2,0,0,0,0,0
0,0,0,0,1,8,2,0,0,0,0,0
0,1,0,0,0,15,3,0,0,0,0,0
0,1,0,0,0,17,1,0,0,0,0,0
0,1,0,0,0,16,3,0,0,0,0,0
0,1,0,0,2,19,1,0,0,0,0,0
0,1,0,0,2,15,2,0,0,0,0,0
0,1,0,0,1,17,1,0,0,0,0,0
0,1,0,0,2,20,1,0,0,0,0,0
0,1,0,0,0,15,2,0,0,0,0,0
0,0,0,0,1,20,2,0,0,0,0,0
0,1,0,0,1,14,2,0,0,0,0,0
0,0,0,0,0,18,1,0,0,0,0,0
0,0,0,0,2,15,1,0,0,0,0,0
0,1,0,0,2,15,2,0,0,0,0,0
0,0,0,0,1,18,2,0,0,0,0,0
0,0,0,0,1,22,3,0,0,0,0,0
0,1,0,0,0,18,2,0,0,0,0,0
0,1,0,0,0,22,2,0,0,0,0,0
0,0,0,0,0,24,2,0,0,0,0,0
0,1,0,0,1,12,1,0,0,0,0,0
0,1,0,0,1,21,1,0,0,0,0,0
0,1,0,0,1,19,2,0,0,0,0,0
0,1,0,0,0,17,1,0,0,0,0,0
0,1,0,0,0,15,2,0,0,0,0,0
0,0,0,0,0,16,2,0,0,0,0,0
1,1,1,1,2248,981,3220,10,13,1305,296,1
1,0,1,0,641,1066,3235,7,28,850,575,1
1,1,0,0,1042,2000,3175,11,1,2846,828,1
1,0,0,0,337,256,3217,25,24,850,1195,1
1,1,1,1,1948,2096,3207,0,2,1512,1149,1
1,1,0,0,552,787,3189,38,3,866,596,1
1,0,1,0,223,166,34,0,1,20,24,1
1,1,1,1,303,325,3066,4,16,1132,191,1
1,0,1,0,435,320,3208,1,18,1654,238,1
1,1,1,0,182,117,1178,1,3,185,66,1
1,1,1,0,349,348,3166,1,53,1946,453,1
1,1,1,1,726,28,3241,4,2,157,73,1
1,1,1,0,543,327,3226,3,65,672,271,1
1,0,0,0,10,91,54,5,7,3,3,1
1,1,1,0,385,200,3189,0,3,1309,760,1
1,0,0,0,249,278,3192,2,10,629,129,1
1,1,1,0,173,312,378,72,3,24,9,1
1,1,1,0,241,273,3160,40,15,1608,130,1
1,1,0,1,358,967,3202,0,2,917,504,1
1,1,1,0,136,116,3161,0,2,302,1385,1
0,1,1,0,93,385,843,39,6,164,138,1
1,1,0,1,235,112,3214,14,33,1430,152,1
1,1,1,1,763,97,3203,4,4,1185,368,1
1,1,1,1,281,421,3157,3,21,1489,91,1
1,1,1,1,865,250,3214,1,0,229,3091,1
1,1,1,1,202,300,3157,1,6,848,729,1
1,1,1,0,53,272,907,5,42,339,560,1
1,0,0,0,142,129,2026,6,59,794,188,1
1,1,1,0,415,481,3085,4,38,1730,341,1
1,1,0,1,220,1040,1175,0,0,207,421,1
1,1,1,1,385,353,3211,11,31,1125,239,1
1,1,1,0,665,1168,3214,2,4,1544,1364,1
1,1,1,0,422,326,2852,16,18,1571,390,1
1,0,1,1,592,254,3146,2,36,1580,200,1
1,1,1,1,1347,736,3190,0,4,302,56,1
1,0,1,1,118,224,711,13,10,148,89,1
1,1,0,0,720,727,3237,4,4,1126,464,1
1,0,1,0,1439,755,3206,77,5,2273,1491,1
1,0,0,0,790,159,3222,113,9,1681,1355,1
1,1,1,1,15305,1543,3243,3,0,2640,1422,1
1,0,0,0,121,231,1102,7,10,208,60,1
1,1,0,0,34,351,807,1,1,567,243,1
1,1,1,1,7689,207,3240,201,264,1129,168,1
1,1,1,0,1045,350,3218,2,2,1298,171,1
0,1,1,0,147,138,1300,3,1,149,193,1
1,1,1,0,3,50,79,0,0,15,10,1
1,0,1,1,604,296,2501,8,18,798,222,1
1,0,0,0,220,198,3197,30,162,486,27,1
1,1,1,0,6897,3735,3175,14,27,2246,231,1
1,1,1,1,35379,587,3235,1,53,820,248,1
1,1,1,0,1575,1601,3249,917,1471,351,98,1
1,1,1,0,844,1416,1408,0,0,174,496,1
1,0,1,0,423,261,3185,1,27,1466,99,1
0,0,1,0,157,168,3161,6,7,2268,240,1
1,0,1,0,5169,3418,3244,9,2,2574,1712,1
1,0,0,1,520,1302,1370,1,27,375,162,1
1,0,1,0,552,427,3164,21,76,692,72,1
1,1,1,0,384,187,3206,0,5,658,1190,1
1,1,1,1,165,647,2934,0,1,1666,1050,1
1,1,1,1,527,1778,1967,15,25,561,454,1
1,0,1,0,296,435,100,4,3,24,6,1
1,1,0,1,169,313,1704,8,8,833,164,1
1,1,1,0,616,604,3141,26,152,1274,149,1
1,1,1,1,93,210,2176,2,8,650,52,1
1,1,1,1,1471,1977,3216,1,9,1188,1710,1
1,0,0,0,108,151,489,3,5,235,50,1
1,1,1,1,1249,1724,3247,6,78,736,437,1
1,0,1,0,49,205,681,0,0,178,17,1
1,0,1,0,510,322,3154,4,24,2120,121,1
1,0,1,0,167,156,2601,3,15,899,449,1
1,1,1,1,1331,1943,3208,3,1,153,340,1
1,1,1,0,1236,624,3210,452,18,2106,299,1
1,0,1,0,1203,2001,3199,2,40,626,86,1
1,1,0,1,1008,1756,3219,2,1,1103,850,1
1,0,0,0,1477,908,3217,1,0,1871,539,1
1,1,1,0,372,547,3210,4,11,436,627,1
1,1,0,0,491,208,3234,14,80,942,107,1
1,0,0,0,171,129,3220,14,37,1062,129,1
1,0,0,0,370,330,2091,9,12,993,89,1
1,1,0,1,53,186,1047,0,4,158,19,1
1,1,1,1,374,372,3227,16,21,331,350,1
1,1,1,1,41442,4967,3180,5,3,2121,1058,1
1,1,1,1,746,237,3176,0,3,986,461,1
1,0,0,1,158,347,3150,1,24,779,163,1
1,0,1,1,2856,265,3180,8,28,1413,120,1
1,1,1,1,52287,209,3224,0,0,1023,107,1
1,1,1,1,1577,678,3201,7,1,831,853,1
0,1,1,1,27856,756,3220,4,35,2732,508,1
0,1,1,0,195,863,484,0,1,96,219,1
0,0,0,1,1450,1798,2969,4,0,1699,1395,1
1,1,1,0,1080,1996,3054,53,8,2099,625,1
0,0,1,0,647,198,14,0,0,1,0,1
1,0,1,0,73,71,3161,20,74,1162,297,1
1,1,1,1,439,564,3244,1,1,2001,1492,1
1,1,1,0,1050,145,3226,7,24,987,264,1
1,0,0,0,85,179,400,0,1,254,62,1
1,0,0,0,144,185,244,0,0,198,13,1
1,1,1,1,423,427,3222,9,10,272,407,1
1,1,1,0,394,1012,2097,0,6,1283,326,1
0,1,1,0,289,215,1744,1,0,309,361,1
1,1,1,1,986,658,3229,6,3,1186,276,1
1,1,1,0,1187,434,3117,1,11,722,59,1
1,0,1,1,133,98,1348,24,74,146,37,1
1,1,1,1,245,151,3179,11,4,1820,418,1
0,1,0,1,1059,713,3225,1,5,313,167,1
1,1,1,0,363,342,3210,0,10,825,388,1
1,1,1,1,137,177,3235,10,9,512,49,1
1,1,0,1,3913,165,2461,2,4,1487,666,1
1,1,1,0,304,194,2219,0,6,603,221,1
1,1,1,1,973,1165,3210,1,0,483,898,1
1,0,0,0,1175,851,3093,5,40,2361,664,1
1,0,0,0,523,495,3180,17,34,1178,98,1
1,1,0,0,15,49,24,0,0,3,6,1
1,0,0,0,1263,774,3224,8,88,1360,41,1
1,1,0,0,503,493,3153,0,0,1609,356,1
1,1,1,0,237,187,3212,0,1,42,22,1
1,1,1,1,22452,24691,3245,21,0,328,145,1
1,1,1,1,1070,357,3184,0,1,1109,1243,1
1,1,1,0,1118,755,3202,13,61,1541,345,1
1,1,1,1,1249,1746,3208,13,29,706,874,1
1,0,0,0,67,157,2484,1,18,778,93,1
1,0,1,0,455,393,2132,0,7,777,344,1
1,0,1,0,31,117,57,0,1,3,5,1
1,1,1,1,344,434,3200,0,4,145,218,1
1,0,1,0,82,579,1790,6,1,138,621,1
1,1,1,0,143,569,2284,0,5,522,632,1
1,1,1,0,808,985,3192,1,5,1065,532,1
1,1,1,0,716,610,3193,9,32,1191,126,1
1,1,1,1,606,270,3208,2,1,408,1494,1
1,0,0,0,249,271,2758,2,3,1453,180,1
1,0,1,1,583,407,3218,29,39,833,472,1
1,1,1,1,271,261,3133,14,59,1043,405,1
1,1,1,0,390,376,3065,2,19,997,175,1
1,1,1,1,938,771,3204,0,2,524,31,1
1,0,1,0,307,281,3221,1,23,1046,131,1
1,0,1,0,126,158,2937,4,31,1429,211,1
1,1,1,1,590,894,3211,1,16,694,219,1
1,1,1,0,315,311,3159,8,68,1310,103,1
1,1,1,1,2474,224,3241,0,4,332,73,1
1,1,1,0,140,159,1701,2,12,258,445,1
1,1,1,0,407,420,3178,21,35,604,567,1
1,1,0,0,283,225,2024,3,15,879,179,1
1,1,1,1,1098,525,3216,1,2,937,296,1
1,1,0,1,182,120,2168,13,19,977,455,1
1,0,0,0,230,222,3226,2,1,1112,303,1
1,1,1,1,232,236,3122,1,24,1488,449,1
1,1,1,0,219,309,3132,29,18,486,1998,1
1,1,1,0,428,467,3147,5,24,782,82,1
0,1,1,1,1415,2036,3209,0,1,2095,854,1
1,1,1,0,1103,642,3183,96,56,857,318,1
0,1,1,1,15,28,56,0,1,0,5,1
1,0,1,0,97,158,3160,6,1,2392,874,1
1,1,0,1,230,125,3205,11,78,1574,84,1
1,1,1,0,1282,838,3198,4,0,1230,1122,1
1,1,1,1,50,57,539,2,6,245,227,1
1,1,1,1,1057,484,3191,66,28,1112,208,1
1,0,0,0,56,255,3228,28,107,1415,743,1
1,0,1,1,2506,1991,3095,2,0,447,1793,1
1,0,1,0,170,295,578,26,2,70,95,1
1,1,1,1,226,419,3217,0,4,651,432,1
1,0,1,1,459,198,3164,10,63,1393,105,1
1,1,0,0,452,389,3199,0,8,1673,179,1
1,1,1,0,408,411,3185,2,11,724,299,1
1,0,1,0,4825,4572,3239,29,25,96,62,1
1,1,1,1,378,624,3223,1,1,361,303,1
1,1,1,0,241,345,356,1,0,173,63,1
1,1,1,1,495,516,3193,2,24,411,825,1
1,1,1,1,2166,1996,3205,75,135,1650,99,1
1,1,0,1,183,300,3206,4,24,1245,550,1
1,1,1,0,267,241,3151,8,11,2020,621,1
1,1,1,1,1227,273,3226,2,15,1109,180,1
1,1,1,0,5,14,253,0,8,118,5,1
1,1,1,1,1375,1079,3208,5,12,1853,844,1
1,0,0,0,247,980,2253,15,47,624,167,1
1,1,1,1,29139,906,3202,1,1,1618,125,1
1,1,1,1,109,81,244,4,2,38,11,1
1,1,1,1,1117,142,3224,1,39,863,360,1
1,0,1,0,794,645,3197,12,55,234,253,1
1,1,0,1,135,108,1128,0,2,439,163,1
1,1,1,0,317,629,314,0,0,156,220,1
1,1,0,0,36,229,36,9,13,6,8,1
1,1,0,1,429,1989,1374,5,11,281,74,1
1,1,0,0,628,604,3179,2,39,1403,328,1
1,1,0,0,141,311,3145,0,1,353,810,1
1,1,0,0,1860,1968,3218,1,15,1533,429,1
1,1,1,0,642,675,3215,5,22,935,324,1
1,1,1,1,614,1170,3218,10,65,221,688,1
1,0,1,0,111,85,3127,5,51,326,233,1
1,1,1,0,82,157,1146,19,38,86,213,1
1,1,1,0,85,144,3188,0,3,2652,966,1
1,1,1,1,393,195,3212,6,38,862,159,1
1,0,0,0,188,216,3174,3,34,2080,238,1
1,1,1,0,442,289,3152,1,8,1512,335,1
0,1,1,1,42,55,135,0,0,16,121,1
1,1,1,0,189,129,2078,8,28,973,131,1
1,1,1,1,274,1150,3180,2,1,599,1126,1
1,1,1,1,1299,2001,3208,0,1,1374,897,1
1,0,0,0,212,400,933,0,1,560,151,1
0,0,1,1,204,459,3224,10,9,225,646,1
1,1,1,0,1532,517,3172,1,1,343,72,1
1,0,0,1,159,273,3186,16,34,1053,632,1
1,1,1,1,36,71,524,0,0,18,75,1
1,1,1,0,594,731,3212,0,0,1824,2138,1
1,1,1,1,3152,2522,3221,1,1,1834,984,1
1,1,1,1,1377,209,3228,3,30,1436,1771,1
1,1,1,0,79,262,1638,6,11,574,621,1
1,1,1,1,2317,1130,3148,167,30,2257,944,1
1,1,1,0,408,244,3215,0,0,1454,270,1
0,1,0,0,1201,1679,3178,6,2,1044,437,1
0,0,0,0,5,4,350,0,0,1,33,1
1,1,1,1,1432,592,3246,0,2,520,1354,1
1,1,1,0,930,282,3233,18,61,413,194,1
1,1,1,0,287,419,3172,0,0,728,614,1
1,1,1,1,571,1991,783,100,176,18,5,1
1,1,1,0,256,564,1767,0,9,390,268,1
1,1,1,0,341,971,3210,0,9,741,105,1
1,1,0,0,480,442,3118,9,60,1122,128,1
1,1,1,1,1380,1232,3202,24,27,883,639,1
1,1,1,0,463,675,3211,3,37,544,508,1
1,1,1,1,1461,1448,2018,0,2,559,567,1
1,1,1,0,1467,363,3164,0,19,1559,563,1
1,1,1,0,341,185,3208,8,27,550,175,1
1,1,0,0,50,141,407,2,16,62,155,1
1,0,1,0,191,194,3209,28,71,1789,164,1
1,0,1,1,1277,1202,3209,43,88,973,223,1
1,1,1,0,639,559,3224,0,1,505,238,1
1,0,1,0,214,101,3204,4,0,1471,774,1
1,1,1,1,2912,804,2146,8,1,582,305,1
1,1,1,1,100,103,1510,0,3,330,126,1
1,0,1,1,6021,5032,3223,19,36,1309,677,1
1,1,0,0,508,1158,3125,25,33,1833,182,1
1,1,0,0,159,154,3176,0,3,591,186,1
1,1,0,1,1400,402,3195,1,1,1581,808,1
1,1,1,0,348,317,3120,14,2,1048,159,1
1,0,0,0,34,73,950,0,0,158,3,1
1,1,0,0,246,172,1866,3,9,680,96,1
0,0,1,0,66,1024,95,0,1,55,8,1
1,1,1,1,153,35,3196,18,55,380,308,1
1,1,1,0,100,680,803,8,4,21,11,1
1,1,1,0,455,1678,2156,9,24,580,250,1
1,1,1,0,155,536,889,1,0,300,252,1
1,0,0,0,287,237,2841,4,8,914,104,1
1,1,1,0,546,266,3211,4,73,644,274,1
1,1,1,1,1066,961,3205,0,3,1481,666,1
1,0,0,0,139,133,2163,8,65,359,5,1
1,0,0,1,577,582,3117,3,32,1310,130,1
1,1,1,0,717,638,3215,2,6,1467,161,1
1,1,1,1,5248,1780,3237,59,14,1824,802,1
1,1,1,1,289,430,3218,5,19,880,587,1
1,1,1,1,349,342,3196,3,7,735,792,1
1,0,0,0,323,204,3182,14,174,631,151,1
1,0,0,0,233,196,3169,5,22,1006,68,1
1,0,0,0,924,1130,3094,0,4,1236,304,1
1,0,0,0,1653,1879,3204,11,22,1052,515,1
1,0,1,0,223,223,3150,10,22,1306,213,1
1,1,1,0,209,315,3223,4,31,1101,376,1
1,0,0,0,91,187,2164,0,16,789,481,1
1,1,1,1,1625,1054,3089,5,26,947,148,1
1,1,1,0,113,173,3212,4,13,1602,457,1
1,0,1,0,26,22,3237,6,27,280,82,1
1,1,1,1,4956,2652,3204,1,1,861,921,1
1,1,0,1,1824,499,3155,3,41,2142,175,1
1,1,0,0,178,227,505,0,0,91,209,1
1,1,1,1,1487,726,3217,0,0,1522,527,1
1,1,1,0,457,232,3216,4,29,745,210,1
1,0,1,0,97,296,448,0,1,331,250,1
1,1,1,1,239,431,3197,0,4,343,60,1
1,1,1,0,540,1549,1823,133,99,29,35,1
1,0,0,0,117,214,704,1,20,133,112,1
1,0,1,0,20004,2301,3243,2,23,2514,227,1
0,1,1,0,39,133,373,19,37,32,14,1
1,1,1,1,2181,1051,3216,5,15,2465,213,1
1,0,0,0,324,238,3215,2,9,1645,447,1
1,1,1,0,354,893,2188,0,14,538,485,1
1,1,1,0,271,223,3102,2,1,642,113,1
1,1,0,1,504,43,624,1,18,304,100,1
1,1,0,1,561,471,3204,10,31,773,86,1
1,0,0,0,601,986,3221,1,19,1953,63,1
1,1,1,0,223,217,3192,2,6,1136,632,1
1,0,1,0,1285,715,3227,0,12,899,35,1
1,0,1,0,366,304,3234,1,14,788,286,1
1,1,1,1,910,853,3197,5,3,440,1186,1
1,1,0,0,2164,2081,3213,5,1,1085,1808,1
1,0,1,0,57,55,2454,0,4,1251,1228,1
0,1,1,1,2182,798,3225,7,39,756,1094,1
1,1,1,1,974,1428,3201,33,1,312,1036,1
1,1,1,1,319,198,3246,2,8,555,146,1
1,1,1,0,94,334,2962,1,3,1021,584,1
1,1,1,1,5883,1146,3187,28,174,1639,92,1
1,0,1,1,253,148,3233,13,129,1065,287,1
1,1,1,0,626,1189,3228,1,0,852,607,1
1,1,1,0,1013,693,3213,0,0,795,225,1
0,1,1,0,14,76,68,20,35,2,3,1
1,1,1,1,24047,9671,3245,921,13,1530,1185,1
1,1,1,0,101,208,608,2,0,181,160,1
1,1,1,1,1243,917,3208,0,18,564,134,1
1,1,1,1,901,1685,3198,0,6,774,2033,1
1,1,1,1,857,803,1471,1,0,749,491,1
1,1,1,0,376,318,2824,5,13,1676,245,1
0,1,1,0,312,491,1137,0,0,465,208,1
0,1,1,1,273,258,3201,3,0,682,530,1
1,1,0,1,254,89,1120,4,8,653,349,1
1,0,0,0,431,565,3065,2,11,1663,594,1
1,1,1,0,164,397,3159,61,47,528,312,1
1,1,1,1,4432,2672,3230,3,0,1328,875,1
1,0,0,0,349,1487,3218,1,15,1823,886,1
1,1,0,0,10,14,245,0,0,75,11,1
1,1,1,1,1446,1047,3211,1,3,430,521,1
0,1,1,0,97,172,3211,3,45,64,36,1
1,1,1,1,244,800,1050,9,2,59,407,1
0,1,1,0,3062,381,3238,17,246,1094,104,1
1,1,0,0,442,56,3182,12,22,1259,33,1
1,0,0,0,74,268,3219,4,37,241,673,1
1,0,1,1,2158,939,3177,50,47,1319,859,1
1,1,1,1,1297,1998,1577,4,5,626,537,1
1,1,1,0,688,566,3201,19,1,2647,1575,1
1,1,1,1,471,337,3220,7,37,631,322,1
1,1,1,1,690,733,3211,1,1,443,959,1
1,1,1,1,1330,729,3222,30,51,2124,487,1
1,1,1,1,290,444,3209,18,41,424,70,1
1,0,0,0,653,1416,2867,12,3,2346,1290,1
1,1,0,0,584,424,3190,12,66,868,53,1
1,1,0,0,26,77,70,0,0,9,6,1
1,0,1,0,2495,2745,3210,2,16,1553,690,1
1,1,1,0,212,143,3227,0,16,442,717,1
1,1,1,1,1004,509,3183,3,5,2375,650,1
1,1,1,0,201,243,3231,0,2,528,103,1
1,1,1,1,38,155,3237,0,4,46,51,1
1,1,1,0,71,89,531,0,0,89,266,1
1,0,1,0,254,336,3168,1,43,583,713,1
1,0,0,1,3029,1569,3141,9,30,1826,338,1
1,1,1,0,62,467,1371,44,166,43,47,1
1,0,1,0,619,613,3224,1,31,1715,69,1
1,0,0,1,616,306,3114,3,4,2310,332,1
1,1,1,0,388,177,3226,1,0,490,1371,1
0,0,1,0,980,491,3165,9,154,1036,117,1
1,1,1,1,409,1116,2051,113,197,583,930,1
1,1,1,1,1248,584,3237,4,8,645,176,1
1,0,1,0,688,971,3182,52,165,546,63,1
1,1,1,0,129,249,3204,0,0,572,305,1
1,1,0,1,66,104,598,0,1,214,189,1
1,1,1,0,1158,1999,3179,0,8,1146,502,1
1,1,1,0,328,330,3197,6,42,756,715,1
1,1,1,1,939,1983,3204,1,1,1280,2080,1
1,1,1,0,183,135,3192,4,25,456,231,1
1,0,0,0,346,319,3195,9,46,1546,63,1
1,1,0,1,180,152,3232,1,10,245,55,1
1,1,1,1,236,300,626,1,0,63,113,1
1,1,0,0,352,424,3195,12,45,1659,72,1
1,0,0,0,13,13,125,0,0,44,1,1
1,0,0,0,205,42,3225,8,40,607,197,1
0,1,0,0,274,481,3207,0,3,331,1070,1
1,1,1,0,49,80,1104,2,11,417,26,1
1,1,1,0,2354,1710,3175,15,118,2000,109,1
1,1,1,1,398,301,3190,13,2,1708,301,1
1,1,1,0,289,333,3218,0,0,525,1094,1
1,1,1,1,416,345,3182,3,3,1223,137,1
1,1,0,0,46,257,589,2,1,125,126,1
1,1,1,1,243,886,360,2,6,135,171,1
1,1,1,1,2326,2548,3201,9,13,1041,683,1
1,0,0,0,217,150,2626,0,4,939,297,1
1,0,1,0,307,275,3216,1,27,223,116,1
1,0,1,1,967,1997,3217,10,159,689,342,1
1,0,0,0,2338,973,3230,1,1,258,94,1
1,0,0,0,106,266,362,0,7,179,104,1
1,1,1,1,1581,1000,3231,0,0,1313,1083,1
1,1,1,0,566,542,3139,49,97,1144,387,1
1,1,1,1,888,1813,3202,1,0,342,768,1
1,0,0,0,481,687,3186,3,62,1635,261,1
0,0,0,0,37,54,782,6,1,126,65,1
1,1,1,1,380,365,3186,5,12,904,144,1
1,1,0,0,197,206,3192,0,21,466,171,1
1,0,1,1,248,855,675,5,27,75,405,1
0,1,1,0,267,459,3228,27,1,580,364,1
1,1,1,1,165,260,3106,0,2,283,810,1
1,1,0,0,1416,401,3206,2,10,619,543,1
1,1,1,1,4941,420,3222,15,6,890,87,1
1,0,1,1,171,169,2954,7,92,818,106,1
1,0,0,0,31,119,342,4,23,37,8,1
0,1,0,0,19,152,15,0,0,5,6,1
1,0,1,0,243,393,1757,410,643,347,109,1
1,1,1,1,513,968,3132,0,17,1738,236,1
0,1,0,0,780,470,3198,0,0,709,245,1
1,1,1,0,608,262,3197,29,59,1067,117,1
1,0,1,0,664,419,3181,8,27,2172,91,1
0,1,1,0,204,1339,3230,24,158,307,115,1
1,0,0,0,1738,1837,3204,23,98,864,38,1
1,1,1,1,531,263,3184,10,110,1131,179,1
1,1,1,1,813,837,1472,3,5,420,294,1
1,1,1,1,243,832,1312,0,1,964,438,1
1,1,1,1,1232,1040,3238,0,5,538,1719,1
1,0,1,1,1616,1196,3196,15,23,596,259,1
1,0,0,0,816,643,3222,7,21,1410,20,1
1,1,1,0,530,586,3228,2,0,1741,842,1
1,1,1,0,1592,359,3219,19,10,1667,1529,1
0,0,1,0,658,82,3238,44,120,1296,343,1
1,1,1,1,107,210,2682,0,1,507,327,1
1,1,1,0,679,319,3204,15,8,994,73,1
1,0,1,0,481,470,3158,0,13,1534,320,1
1,1,1,1,2044,1740,3190,4,1,1153,724,1
1,1,1,0,61,138,3196,5,5,396,930,1
1,1,1,1,392,283,3211,0,0,557,1900,1
1,1,1,0,468,155,3218,3,30,1032,343,1
1,0,1,0,393,985,3229,6,26,1191,1287,1
0,1,0,1,187,288,397,0,0,32,41,1
0,1,0,0,54,48,3236,0,23,33,9,1
1,1,1,1,771,301,3221,1,82,1148,116,1
1,1,1,1,1276,337,3245,3,2,959,1025,1
1,1,1,0,1884,2069,3215,1,10,758,623,1
1,0,0,0,621,437,2818,1,6,1205,64,1
1,1,1,1,13095,7672,3203,1,0,468,447,1
1,1,1,0,640,533,3195,6,26,740,379,1
1,1,1,0,82,249,3198,0,49,892,98,1
1,1,1,1,852,1754,3241,10,36,333,525,1
0,1,1,1,7184,1649,3234,4,0,660,556,1
1,1,1,1,1097,632,3184,11,145,999,124,1
1,1,1,0,189,619,3172,0,4,2108,1005,1
1,1,1,1,162,258,3211,0,1,956,73,1
1,1,1,1,192,156,275,0,2,26,38,1
1,1,0,0,234,137,273,1,2,117,57,1
1,1,0,1,2077,197,3222,6,63,211,423,1
1,1,1,1,120,137,522,45,10,21,50,1
1,0,0,0,286,161,3202,33,42,859,57,1
0,1,1,1,430,1,768,1,0,225,310,1
1,1,1,1,1227,871,3243,1,0,200,262,1
1,1,1,1,1108,998,3208,14,14,1112,838,1
1,1,0,0,20,239,551,0,0,155,105,1
1,1,1,1,1226,597,3227,2,23,802,942,1
1,1,0,0,597,1202,3203,1,19,549,128,1
1,1,1,0,768,1557,3186,5,6,651,106,1
1,1,1,0,879,640,3208,0,2,531,356,1
1,1,1,1,1045,1588,3199,0,2,1850,570,1
1,1,1,1,295,427,3232,913,122,300,227,1
1,1,0,0,155,868,865,1,6,266,215,1
1,0,1,1,337,355,3153,13,13,2137,184,1
1,0,0,0,4476,4845,3179,1,2,2287,985,1
1,1,1,0,1753,789,3156,32,3,2581,2446,1
1,1,1,0,200,78,3217,10,57,799,689,1
1,1,1,0,448,350,3234,10,73,951,212,1
1,1,1,1,2295,592,3151,4,32,920,992,1
1,0,1,1,670,628,3218,19,56,656,275,1
1,0,1,1,253,359,3217,9,0,518,342,1
1,1,1,1,777,296,1093,148,5,249,443,1
1,1,0,0,184,166,3123,0,7,724,177,1
1,1,0,0,1930,1259,3208,1,1,1096,284,1
1,1,0,0,217,2001,3209,0,5,1311,2035,1
0,1,0,0,376,327,3204,0,18,603,82,1
1,1,1,1,1229,284,1765,8,36,572,247,1
1,1,1,1,158,152,2307,24,42,541,356,1
1,1,0,0,149,228,345,0,0,108,48,1
1,1,1,0,408,336,3244,10,42,637,102,1
1,1,1,0,705,580,3172,7,65,1370,457,1
1,0,0,0,392,302,3089,3,31,2048,327,1
0,1,1,1,2135,1799,3201,1,3,2520,515,1
1,0,1,0,243,623,3211,2,8,1702,462,1
0,0,1,0,192,323,3234,20,1,608,280,1
1,1,0,0,126,366,53,0,0,21,34,1
0,1,1,0,658,941,3219,0,0,3,0,1
1,1,1,0,545,623,3208,1,5,764,356,1
1,1,1,1,1652,1487,3241,1,3,848,145,1
1,1,1,1,563,590,3149,5,4,810,1104,1
1,1,1,1,1226,1183,3235,1,0,859,1109,1
1,1,0,1,54,156,1169,6,21,383,124,1
1,0,0,0,13,12,849,1,6,26,27,1
1,0,1,0,6473,588,3054,5,71,1031,107,1
1,1,1,0,132,221,1414,0,0,619,232,1
1,0,0,0,769,469,3101,7,97,2287,56,1
1,1,1,1,1986,1064,3186,7,42,1547,203,1
1,1,1,1,1060,557,3193,2,32,706,116,1
1,1,0,0,352,994,1100,0,0,1014,308,1
1,1,1,1,2554,2308,3203,3,6,1120,231,1
1,1,1,1,264,120,3163,1,9,1471,170,1
1,1,1,1,350,210,3215,28,6,1443,1414,1
1,1,1,1,128,60,2555,2,50,907,303,1
0,1,1,0,92,94,3200,0,1,1070,882,1
1,0,0,0,482,316,3118,12,11,2329,83,1
1,1,1,0,44,156,1271,0,3,223,369,1
1,1,1,1,249,185,3216,17,46,2148,73,1
1,1,1,1,787,1007,3206,3,5,1120,737,1
1,1,1,0,1361,1492,3226,1,4,1350,439,1
1,1,1,1,6093,92,3228,0,0,1968,447,1
1,0,1,1,211,183,3209,0,15,1533,156,1
1,0,1,1,1495,1019,3153,1,18,1311,138,1
1,1,1,1,176,217,3189,1,18,560,90,1
1,1,1,1,293,289,3234,1,4,154,19,1
1,1,1,0,766,1099,3215,8,37,1035,150,1
1,1,1,1,269,98,3192,4,21,740,377,1
0,1,0,0,177,641,3211,0,1,1181,993,1
1,1,1,0,310,409,3205,6,11,1820,675,1
1,0,1,0,755,318,3191,2,23,1480,93,1
1,0,1,1,120,114,3213,1,0,1284,19,1
1,1,1,0,2122,1585,3239,76,62,2538,311,1
1,1,1,1,633,584,2642,4,15,1321,62,1
1,0,1,0,646,604,3172,7,28,1730,171,1
1,1,0,1,205,191,3227,3,29,600,141,1
1,0,1,0,797,774,3155,1,18,1549,170,1
1,0,1,0,311,381,3200,2,8,976,89,1
1,0,0,0,375,298,3170,1,15,1327,74,1
1,1,1,1,126,135,3196,2,20,382,382,1
1,1,1,0,1047,365,3176,14,25,964,92,1
1,0,0,0,249,219,3217,8,103,1122,96,1
1,1,1,0,228,113,3246,1,2,537,398,1
1,1,0,0,179,132,1758,1,28,852,34,1
1,0,1,0,1356,591,3211,26,78,1957,135,1
1,1,1,1,616,564,3174,31,165,1839,312,1
1,1,1,0,2380,957,3161,4,8,2255,411,1
1,1,0,1,406,744,3210,4,10,417,406,1
1,0,1,0,661,439,3199,7,86,1051,45,1
1,1,1,0,512,641,3227,4,26,853,552,1
1,1,1,0,585,262,3228,17,39,1898,285,1
1,0,0,0,87,92,2071,0,13,742,49,1
1,0,0,0,257,240,3226,3,23,1315,295,1
1,1,1,1,824,1496,3163,1,2,1082,1167,1
1,1,1,0,1234,532,3248,3,1,478,349,1
1,1,0,0,93,81,826,0,0,63,32,1
1,1,1,1,1908,1156,3242,7,0,502,526,1
1,1,1,0,1209,713,3158,1,41,761,27,1
0,1,1,1,174,47,3223,1,16,167,810,1
0,0,0,0,4,11,165,1,0,0,2,1
1,1,1,0,257,144,943,0,3,229,60,1
1,0,0,0,423,453,3143,8,15,933,181,1
0,1,1,1,242,139,3240,0,3,2511,462,1
1,1,1,0,2622,1231,3232,10,43,1346,537,1
1,0,0,0,52,266,92,0,0,8,53,1
1,1,1,0,484,1388,3222,3,1,1326,1143,1
1,1,1,0,423,524,3118,1,12,2003,153,1
0,1,0,0,109,91,451,0,1,80,105,1
1,1,1,0,618,453,3195,18,17,2923,1121,1
1,1,1,1,1439,1591,3201,0,0,798,269,1
1,1,1,1,4126,4094,3228,2,11,421,861,1
1,1,1,0,31,45,886,1,16,140,39,1
0,1,1,1,534,860,3210,0,2,941,626,1
1,1,1,1,568,387,3180,16,32,2014,162,1
1,1,1,1,2902,660,3204,0,7,848,254,1
1,1,1,1,877,655,3209,1,1,1045,1645,1
1,0,0,1,387,1108,3195,7,29,1991,1907,1
1,1,1,0,73,473,458,2,6,150,136,1
0,0,0,0,113,329,2109,13,0,186,381,1
1,1,0,0,266,1413,453,1,1,225,150,1
1,1,1,1,3975,1803,3214,13,22,1266,519,1
1,1,1,0,123,320,2010,7,8,133,408,1
1,1,1,1,834,264,1670,1,0,339,357,1
1,1,1,0,131,147,3206,0,9,841,212,1
1,0,1,0,255,300,3211,1,8,1062,1530,1
1,1,1,0,321,226,3130,5,35,450,239,1
1,1,1,0,79,264,3049,1,1,1067,839,1
1,1,1,1,1558,625,3225,0,2,515,327,1
1,1,1,1,1137,282,3155,2,13,1265,110,1
1,1,0,0,129,123,3176,3,30,1264,163,1
1,0,1,0,287,276,3207,2,27,409,127,1
1,1,0,1,166,118,2438,36,12,824,471,1
1,0,1,1,2199,465,3200,2,2,920,187,1
1,1,0,0,150,53,3193,8,24,2284,399,1
0,1,1,0,79,179,1280,0,1,525,82,1
1,0,1,0,535,331,3188,17,33,719,109,1
1,0,1,0,252,889,1877,7,18,674,658,1
1,0,1,1,5363,667,3233,65,13,1130,451,1
1,0,1,0,6817,311,3199,129,122,1291,684,1
1,1,1,0,599,901,1116,1,0,570,307,1
1,1,1,0,16186,5242,3232,77,4,2544,574,1
1,1,1,1,854,556,3182,1,6,1149,524,1
1,1,1,0,1283,734,3192,13,104,1313,222,1
0,1,1,0,227,338,2746,3,3,335,697,1
1,1,1,1,1273,1898,2872,3,12,1756,256,1
1,1,1,1,2407,526,3227,8,9,1268,596,1
1,1,1,0,859,1588,3231,638,15,424,1713,1
1,1,0,0,46,124,162,0,2,86,53,1
1,1,1,1,212,185,2778,6,35,449,131,1
1,0,1,0,302,232,3241,180,34,1121,88,1
1,1,0,0,522,793,2198,24,59,1465,1328,1
1,1,0,0,149,153,416,2,0,128,127,1
1,0,0,0,141,140,3205,12,79,387,39,1
1,1,1,0,332,833,3250,0,0,207,103,1
1,1,1,1,642,1996,3210,6,3,431,403,1
1,1,1,1,226,186,3150,2,16,2183,269,1
0,1,1,0,179,271,1084,0,1,271,244,1
1,0,0,0,344,383,3124,9,38,1734,97,1
1,1,1,0,71,181,3213,6,116,797,439,1
1,0,0,0,26,189,102,0,2,14,17,1
1,1,1,1,608,483,3206,0,13,263,533,1
1,1,1,1,9527,887,3212,1,0,675,690,1
1,1,0,0,819,758,3190,2,28,2335,145,1
1,1,1,0,2746,2547,1435,1,0,537,755,1
1,1,1,1,521,605,3160,52,13,1404,1414,1
1,0,0,0,370,266,3177,32,110,1871,262,1
1,1,1,0,361,349,3156,3,39,663,873,1
1,1,0,0,23,147,449,2,0,281,298,1
1,1,1,1,144,273,901,8,1,58,29,1
1,1,1,1,557,349,3208,7,4,1206,2009,1
1,1,1,1,2634,888,3227,3,0,635,776,1
1,1,0,1,206,356,3230,2,0,1602,867,1
0,1,0,0,48,172,1103,1,0,727,359,1
1,0,1,0,128,117,2682,12,5,937,136,1
1,1,1,1,458,603,3208,1,2,419,299,1
1,0,1,0,1247,740,3241,460,9,1304,1419,1
1,1,0,1,543,445,594,5,21,130,65,1
1,1,1,1,325,205,2455,20,3,1134,435,1
1,0,1,0,269,183,3224,5,53,1163,325,1
1,1,1,1,3030,283,3246,1,9,422,352,1
0,1,1,1,558,674,3216,0,0,580,211,1
1,1,0,0,270,264,1501,1,8,811,382,1
1,0,1,0,785,550,3187,12,34,1017,131,1
0,0,0,0,21,168,129,0,0,71,63,1
1,1,1,1,1341,1971,3244,0,7,267,209,1
1,1,1,1,702,367,3204,10,8,594,98,1
1,0,1,1,1209,378,3221,4,13,511,778,1
1,1,1,0,287,904,3195,0,6,645,392,1
1,1,1,1,29,16,3236,0,1,85,61,1
1,1,1,0,168,403,3230,22,1,1206,472,1
1,0,0,0,657,398,3227,14,42,1999,201,1
1,1,0,0,545,458,1770,1,32,712,149,1
1,1,1,0,132,621,3156,3,11,538,140,1
1,0,0,0,51,152,893,0,5,616,526,1
1,0,1,0,223,177,3127,5,22,962,177,1
1,1,1,1,535,375,3203,0,10,982,349,1
1,0,1,1,934,387,3179,16,32,901,457,1
1,1,1,1,484,475,3161,3,10,1129,274,1
0,0,0,0,116,87,3247,2,4,76,13,1
1,0,1,0,458,455,3040,0,26,1057,252,1
0,1,0,1,411,831,1314,1,3,316,124,1
1,1,1,1,336,312,1593,21,13,402,287,1
1,1,0,0,349,392,2943,3,20,1853,444,1
1,0,1,1,451,406,3216,0,23,303,332,1
1,1,1,1,591,525,3179,0,30,997,123,1
1,0,1,0,324,292,3205,26,90,1382,191,1
1,0,0,0,186,171,2680,1,11,1079,300,1
1,0,0,0,555,505,3236,21,39,1493,51,1
1,1,1,1,1846,776,1841,2,3,1010,244,1
1,1,1,0,850,399,1815,2,33,1264,29,1
1,1,1,1,291,295,3172,11,12,606,773,1
1,1,1,1,88,95,1210,2,0,352,251,1
1,1,1,0,124,112,2008,2,17,403,85,1
1,1,1,1,300,193,1909,1,17,93,129,1
1,1,0,0,421,785,3170,0,1,1837,130,1
1,1,0,1,142,93,570,0,1,171,177,1
1,0,1,1,95,92,3243,0,11,1304,438,1
1,0,1,0,292,634,3164,20,108,1132,215,1
1,1,1,1,183,120,3143,2,3,363,995,1
1,1,1,0,315,319,3223,2,2,258,1182,1
1,0,1,0,236,401,1076,1,10,166,64,1
1,1,1,0,132,375,3245,5,0,312,1414,1
1,1,1,0,3535,2689,3160,1,1,2438,975,1
1,0,1,0,240,228,3153,86,0,509,1053,1
1,0,0,0,192,521,1088,4,7,506,66,1
1,1,1,1,2333,764,79,0,1,28,10,1
1,1,1,0,514,468,3208,18,0,823,62,1
1,1,1,1,1171,182,3187,0,9,906,58,1
1,1,1,1,4493,1894,3231,1,5,931,224,1
1,0,1,0,2213,828,3228,3,10,1986,157,1
1,1,1,1,179,339,2466,1,5,162,118,1
1,1,1,0,403,383,3183,5,13,1718,318,1
1,1,1,1,4964,2288,3198,4,2,1289,292,1
1,0,0,0,67,150,26,0,0,9,1,1
1,1,1,0,333,379,3201,0,0,382,988,1
0,0,0,0,25,68,217,0,6,69,38,1
1,1,0,1,267,308,3125,10,4,2149,563,1
1,1,1,1,396,585,2389,0,7,640,765,1
1,1,1,0,146,80,3224,48,55,832,382,1
1,0,1,1,349,596,3161,9,16,840,190,1
1,0,0,1,594,842,2783,1,11,1739,115,1
1,1,0,1,86,92,2578,20,4,109,1062,1
1,1,0,0,1440,880,3186,10,73,1670,137,1
1,1,1,1,569,1840,2122,11,29,216,317,1
1,1,1,1,77,111,1473,24,97,92,51,1
1,1,1,0,345,514,3192,0,4,307,394,1
1,0,0,0,137,242,404,0,0,169,45,1
1,0,1,0,609,403,3219,1,19,446,230,1
1,1,1,1,3261,68,3187,150,69,1202,45,1
1,1,1,1,1853,636,3222,296,12,2113,777,1
1,1,1,1,1027,446,3215,3,23,518,195,1
1,0,0,0,29,69,89,0,0,33,3,1
1,1,1,1,3798,2886,3194,4,4,2823,1307,1
1,1,1,1,541,467,3240,6,8,508,353,1
1,1,1,1,6314,6735,3232,5,3,826,791,1
1,0,1,1,583,367,3213,206,14,1639,1083,1
1,1,1,1,612,1613,3197,25,8,1726,615,1
1,1,1,1,261,359,2670,4,15,612,36,1
1,0,0,0,123,102,3112,2,25,1365,100,1
1,0,1,0,124,161,2383,3,5,435,36,1
1,1,1,0,231,141,1727,12,34,856,178,1
1,0,0,1,255,225,3204,6,30,102,319,1
1,1,1,1,239,286,3191,1,10,269,529,1
1,0,0,0,439,587,3053,4,12,1650,96,1
1,1,1,0,401,165,3189,6,32,988,374,1
0,1,1,1,181,216,1773,0,0,123,392,1
1,1,0,0,713,932,3225,287,325,616,359,1
1,1,1,0,271,738,3184,2,1,1583,1410,1
1,1,1,1,3420,1519,3209,7,31,2009,478,1
0,1,1,1,525,166,3223,0,0,27,140,1
1,0,1,1,1368,1433,3194,5,36,553,37,1
1,1,0,0,228,342,3104,1,3,1148,212,1
1,0,1,0,133,215,1693,7,19,784,26,1
1,1,1,0,116,135,171,0,0,55,19,1
1,1,1,0,423,152,3201,3,1,661,352,1
1,1,1,0,579,663,3232,1,5,1040,800,1
1,0,0,0,1019,1223,3179,309,4,2131,1698,1
1,0,0,0,382,365,2367,0,6,1407,178,1
0,1,0,0,1903,790,3210,5,0,1022,300,1
1,1,1,1,623,529,3209,2,1,336,87,1
1,0,0,0,154,107,3069,7,6,2039,160,1
1,1,1,1,62370,427,3231,0,8,1065,926,1
1,0,1,0,237,100,3193,1,15,2253,30,1
1,1,0,0,407,376,3180,1,5,1242,415,1
1,1,1,1,7065,1822,3195,2,3,1295,864,1
1,1,1,0,5051,454,3235,231,1,1475,339,1
0,0,1,0,33,98,272,0,0,224,84,1
1,0,0,0,406,401,2387,6,13,1729,129,1
1,1,1,1,1234,442,3186,1,13,1089,466,1
1,1,1,0,256,454,3195,0,0,250,629,1
1,0,1,0,1063,79,3215,1,6,1023,71,1
1,1,1,0,19,117,1162,131,304,25,234,1
1,0,1,0,3232,2439,3143,36,7,707,167,1
1,0,0,0,346,316,1273,5,6,695,170,1
1,1,1,1,1231,1997,3225,3,5,586,559,1
1,1,1,0,1635,1610,3189,2,7,1611,352,1
0,0,0,0,43,155,13,0,0,5,8,1
1,1,1,1,723,446,3205,12,14,969,614,1
1,1,0,0,23,168,198,0,0,37,57,1
1,1,1,1,453,302,3193,0,1,461,593,1
1,0,1,1,278,302,3164,11,29,1004,262,1
1,1,0,0,759,115,3214,8,0,24,8,1
1,1,0,0,1885,2064,2831,13,79,315,125,1
1,0,0,0,929,726,3160,58,162,1548,79,1
1,1,1,0,236,124,3149,34,13,775,631,1
0,1,1,0,191,247,3231,43,144,188,709,1
1,1,1,1,321,231,3222,2,24,428,143,1
0,1,1,0,476,519,3185,1,4,916,468,1
1,1,1,1,2844,1861,3185,262,88,1337,402,1
1,1,1,1,986837,1111,3203,4,8,2662,838,1
1,1,1,1,4955,4359,3236,39,24,1578,151,1
1,1,1,0,5209,1120,3229,0,0,1634,1100,1
0,1,1,0,141,50,947,52,0,122,504,1
1,1,1,1,1582,1500,3179,10,1,2043,672,1
1,1,1,1,113,255,3156,136,371,982,797,1
0,1,1,0,127,225,3242,0,3,26,12,1
1,1,1,0,1497,2004,3170,0,8,1121,265,1
1,1,1,1,93,500,1416,6,2,592,232,1
1,0,1,0,354,243,3213,25,66,662,158,1
0,1,0,1,2844,326,3225,2,4,1740,1612,1
1,1,1,0,108,105,1409,1,5,1067,587,1
0,1,0,0,252,438,2041,0,1,385,393,1
1,1,1,1,2280,801,3205,4,6,840,578,1
1,1,0,0,16,107,92,11,0,13,19,1
1,1,0,1,460,480,3120,2,31,705,263,1
1,1,0,1,131,78,3021,1,1,469,1010,1
1,1,1,1,193,378,328,1,5,36,64,1
1,0,0,0,123,164,428,0,1,170,59,1
1,1,1,0,248,274,1226,0,0,392,364,1
1,1,1,0,1120,340,3229,0,3,898,306,1
1,1,1,0,335,362,3132,0,11,733,523,1
1,0,0,0,752,201,3167,5,46,2150,116,1
1,0,1,1,155,80,2299,2,17,906,235,1
1,0,1,0,774,698,3168,70,111,2125,41,1
1,1,1,0,36,125,2160,13,14,202,435,1
1,1,1,0,1671,1668,3214,1,0,708,852,1
1,1,0,0,151,550,3210,2,21,615,227,1
1,1,1,0,897,633,3227,1,2,538,501,1
1,1,1,0,1227,413,3224,1,3,1036,946,1
1,1,1,1,12875,392,3215,5,7,2466,876,1
1,1,1,0,382,645,2102,0,4,430,915,1
1,0,0,0,1237,1189,2752,3,13,2396,219,1
1,1,1,1,887,1598,2831,16,37,83,113,1
1,1,1,1,179,249,3190,1,34,1258,421,1
1,0,1,1,978,126,3207,4,4,1669,1860,1
1,1,1,1,2162,792,3225,0,23,1214,382,1
1,1,1,1,4774,3822,3224,1,2,1108,999,1
1,1,1,1,177,442,2524,0,9,580,655,1
1,1,1,0,89,120,3212,1,6,354,576,1
1,0,1,0,365,322,3199,102,25,1155,385,1
1,1,1,1,346,1235,3205,11,21,592,689,1
1,0,1,0,87,55,3025,1,18,1192,357,1
1,1,0,0,41,42,138,0,1,103,33,1
1,0,0,0,50,86,205,1,0,71,29,1
1,1,0,0,168,346,3143,1,3,525,420,1
1,1,1,1,4382,864,3226,7,68,1615,20,1
1,1,1,1,692,2001,3201,88,210,737,709,1
1,1,0,0,418,410,3188,6,16,1923,251,1
1,0,1,0,761,353,3207,5,42,863,174,1
0,1,0,0,26,62,52,1,0,9,10,1
1,1,1,0,135,404,3226,1,0,397,404,1
1,1,1,0,703,223,3237,0,2,180,586,1
1,1,1,1,589,517,3211,31,0,884,858,1
1,0,0,0,89,320,491,0,2,147,38,1
1,1,1,1,1787,838,3245,2,1,317,991,1
1,1,0,0,18,216,67,2,0,5,30,1
1,1,1,0,784,508,1636,2,5,391,571,1
1,1,1,1,442,177,602,23,0,111,99,1
1,0,1,0,322,227,3150,1,36,978,234,1
1,1,1,1,3937,3616,3203,0,1,1392,428,1
1,1,1,1,376,399,1186,12,38,352,159,1
1,0,0,0,356,382,2458,0,2,590,445,1
1,0,0,0,524,510,3196,0,7,2132,86,1
1,1,1,0,10483,11711,3211,4,13,1224,1238,1
1,1,0,0,212,524,1256,0,8,711,251,1
1,1,1,1,791,194,2034,2,6,1531,68,1
1,1,1,1,27789,1403,2991,2,5,1758,60,1
0,1,0,0,34,49,154,0,0,16,36,1
1,1,1,1,807,907,3174,0,11,1046,344,1
0,1,0,0,123,702,641,1,0,365,105,1
0,1,1,0,69,533,1348,0,3,474,994,1
1,1,1,1,622,475,3198,6,21,261,182,1
0,0,0,0,582,686,3233,17,0,6,3233,1
1,1,1,0,123,206,3228,1,21,736,922,1
1,1,1,1,369,224,3221,2,59,243,24,1
1,1,1,0,1025,873,3205,3,27,1796,587,1
1,1,1,1,1457,282,3246,0,7,455,180,1
1,1,1,0,493,655,3230,0,0,1562,441,1
1,1,1,0,699,359,3217,2,5,887,254,1
1,1,1,1,253,110,3213,17,118,234,28,1
1,1,1,1,804,359,3199,15,9,2186,1298,1
1,1,1,1,467,266,3245,12,6,401,707,1
1,0,1,0,701,468,3234,2,27,1788,389,1
1,0,1,0,4520,230,415,2,0,49,66,1
1,1,1,1,1894,2012,1302,0,0,377,813,1
1,1,1,0,3342,186,3228,11,6,1163,263,1
1,1,1,1,1373,2001,3201,4,8,1836,1374,1
1,1,0,0,177,297,2430,21,43,265,83,1
0,1,1,0,1297,518,3228,2,1,230,75,1
1,1,1,1,1368,90,3212,0,1,1237,476,1
1,1,1,0,110,98,1458,0,17,499,127,1
1,0,1,1,574,85,2961,22,96,895,134,1
1,0,1,1,1972,1122,3193,8,89,844,478,1
1,1,1,1,1101,1135,3219,0,1,848,1696,1
1,1,0,0,539,420,618,1,10,438,4,1
1,1,1,0,3521,987,3214,0,21,490,83,1
1,1,0,0,152,117,3159,14,60,1356,420,1
1,1,1,1,391,147,3176,2,17,1416,34,1
1,1,0,1,138,737,3205,7,18,1923,797,1
1,0,0,0,154,270,598,2,2,328,66,1
1,0,0,0,289,515,3215,6,41,923,237,1
1,0,1,1,194,136,3234,5,38,814,209,1
1,1,1,1,196,298,567,0,3,39,154,1
1,1,1,0,118,399,1303,9,15,116,438,1
1,1,0,0,450,277,3203,572,22,469,398,1
1,0,1,0,55,51,300,1,2,106,108,1
0,1,1,0,144,115,2770,12,6,979,298,1
1,0,0,0,89,66,1392,0,5,665,61,1
0,1,1,0,58,101,484,0,1,161,225,1
1,1,1,0,294,654,3206,4,7,831,1148,1
1,0,0,0,378,132,3223,5,0,2,3223,1
0,1,0,1,612,1518,3210,2,1,645,428,1
1,0,1,0,458,414,3170,10,61,1470,109,1
1,0,0,0,37,259,617,80,92,14,52,1
1,1,1,1,525,561,3245,162,56,2064,77,1
1,1,1,0,1096,844,3227,2,59,977,1253,1
1,1,1,1,1469,1152,3203,0,5,588,180,1
1,0,1,0,937,314,3218,25,61,1919,113,1
1,1,1,1,361,983,3228,0,0,1327,1815,1
1,0,1,1,358,259,2877,4,16,868,223,1
1,1,1,1,230,65,3160,14,3,391,510,1
1,1,1,0,119,145,1589,0,3,201,850,1
1,0,1,0,409,290,3168,13,56,1173,44,1
1,1,1,0,440,620,3230,1,17,530,417,1
1,0,1,0,112,136,2327,0,38,553,167,1
1,1,1,1,741,579,3136,2,1,929,669,1
0,1,1,0,236,445,701,0,0,137,111,1
1,0,0,0,339,320,3120,1,6,870,170,1
1,1,1,1,1484,1307,3217,2,10,993,1295,1
1,0,0,0,414,312,3188,1,5,1997,381,1
1,0,0,0,947,777,3058,2,33,1075,88,1
1,0,1,0,42,24,3188,23,149,1420,144,1
1,1,1,1,2245,1260,3224,0,7,1068,311,1
0,0,1,0,307,395,3161,6,1,1139,535,1
1,1,1,1,917,425,3232,173,21,366,710,1
1,0,0,0,263,250,3213,1,10,716,16,1
1,1,0,0,73,212,217,5,13,130,81,1
1,0,1,1,594,1408,1079,0,0,484,266,1
1,1,1,1,35,164,1277,2,7,601,325,1
1,1,1,1,721,774,1426,10,9,264,707,1
1,1,1,0,154,152,3219,2,9,491,564,1
1,1,1,1,11781,12621,3222,3,1,2750,835,1
1,1,1,0,432,315,3185,1,35,736,243,1
1,0,1,0,555,365,3230,17,92,492,11,1
0,1,1,1,6584,907,3232,15,1,468,569,1
1,1,1,1,8375,503,3238,3,8,978,460,1
1,1,0,0,300,459,3148,11,35,179,50,1
1,1,1,1,94,113,3226,0,0,392,215,1
0,0,0,0,10,30,140,0,3,55,15,1
1,1,1,1,1061,1726,3204,3,0,1306,1214,1
1,1,1,0,222,237,2492,361,425,113,45,1
1,1,1,0,2850,1777,3202,617,202,1497,758,1
1,0,0,0,273,238,3144,13,17,1234,79,1
1,1,1,1,114727,1362,3244,3,6,3020,1254,1
1,1,1,1,159,106,3242,1,16,144,419,1
1,1,1,1,786,705,3175,37,51,416,714,1
1,1,1,0,2951,2145,3209,235,206,1845,1841,1
1,0,1,0,1247,731,3185,1,43,1175,98,1
1,1,0,0,71,70,1705,4,24,616,42,1
0,0,0,0,1829,869,3213,1,0,1999,845,1
1,1,1,0,416,67,3241,6,10,292,177,1
1,1,1,0,76,103,3194,2,3,752,1598,1
1,1,1,0,1007,527,3232,3,25,1418,345,1
1,1,1,0,1201,897,3217,7,45,620,86,1
1,1,1,0,44,78,1090,0,1,126,406,1
1,1,1,1,1183,308,3228,18,21,942,938,1
1,1,1,0,68,265,982,0,0,48,307,1
1,0,0,0,14,30,849,7,32,300,68,1
1,1,1,1,277,422,3215,1,2,799,763,1
1,1,1,0,104,386,3200,0,3,1116,1237,1
1,0,1,0,101,128,2715,8,34,1867,147,1
1,0,1,0,2143,666,3167,4,8,1427,18,1
1,1,1,0,42,203,1504,0,0,349,33,1
1,1,1,1,431,1067,3224,2,0,1687,1075,1
1,0,1,0,257,260,1366,1,2,186,26,1
1,1,1,0,271,253,3037,0,1,1090,287,1
0,1,1,0,58,178,675,0,0,86,155,1
1,1,0,1,10885,1529,3211,0,0,2106,1424,1
1,0,1,0,10545,168,3202,191,73,1242,61,1
1,0,1,0,195,155,3200,23,7,951,151,1
1,1,1,0,982,1026,3153,26,9,713,175,1
1,1,1,0,134,94,3218,5,6,924,89,1
1,1,1,0,34,161,3089,4,30,2106,715,1
1,1,1,1,2031,576,3233,0,7,437,521,1
1,0,0,0,82,64,3239,3,76,152,102,1
1,1,1,1,132,174,2751,17,1,51,179,1
0,1,1,0,75,96,2434,71,1,1129,1573,1
0,1,1,1,132,194,233,0,2,117,37,1
1,1,1,1,33,326,817,3,18,278,152,1
1,1,1,1,1202,1469,3196,5,2,1732,768,1
1,1,1,0,1610,1983,3186,22,15,2539,768,1
1,1,1,1,577,215,3219,16,21,157,49,1
1,1,1,0,58,138,2282,19,42,1570,611,1
0,1,1,1,683,97,3214,0,0,486,386,1
1,1,1,1,220,214,2988,8,9,1743,483,1
1,0,0,0,371,314,3083,29,49,1608,27,1
1,1,1,1,1549,348,3196,5,41,233,337,1
1,1,1,1,275,316,3220,1,7,543,917,1
1,1,0,1,247,92,3229,9,10,582,35,1
1,1,1,1,2404,153,3200,14,21,878,64,1
1,1,1,1,723,487,2991,235,21,806,678,1
1,1,1,0,539,438,3163,4,45,898,277,1
1,1,1,0,160,143,3153,315,12,1422,1194,1
1,1,1,0,109,136,358,0,0,74,260,1
1,1,1,0,2594,473,3184,89,4,327,525,1
1,1,0,0,806,738,3247,0,0,2039,848,1
1,1,1,1,216,236,3210,1,4,1072,396,1
1,1,0,0,46,59,1094,0,6,568,505,1
1,1,1,0,196,369,3154,0,1,888,768,1
1,1,1,1,1271,1993,3223,13,83,1355,193,1
1,0,0,0,147,151,1315,23,33,201,89,1
1,0,0,1,1030,1258,3220,18,10,558,47,1
1,1,1,1,399,466,3206,0,0,185,789,1
1,0,1,0,499,371,3179,11,6,2367,120,1
1,1,1,1,974,856,3237,1,2,389,164,1
1,1,1,0,2313,77,3184,3,34,714,762,1
1,1,1,0,82,100,1720,2,5,402,311,1
1,1,1,0,350,791,3164,13,61,347,568,1
1,1,1,0,1417,281,3236,5,0,1127,435,1
1,1,1,0,92,171,317,0,0,152,64,1
1,1,1,0,224,506,3228,0,13,158,212,1
1,0,1,0,243,93,855,0,1,108,23,1
0,1,1,0,499,226,2190,8,0,127,218,1
1,0,1,0,149,181,3209,0,3,914,542,1
1,1,1,1,828,289,3237,0,2,593,116,1
1,0,1,0,378,251,1812,30,121,808,44,1
1,0,0,0,22,50,348,4,18,62,9,1
1,0,0,0,13,18,77,0,0,15,4,1
1,1,1,0,147,321,734,0,1,245,309,1
1,1,1,0,1214,1989,1403,2,31,258,83,1
1,1,0,0,203,245,175,0,2,126,18,1
1,1,1,0,253,541,3229,0,8,720,959,1
1,1,1,1,1620,591,3234,6,1,341,775,1
1,0,1,1,369,86,3181,19,63,651,333,1
1,0,1,0,1169,546,3211,13,11,1248,85,1
1,0,1,0,1192,113,3237,18,55,504,60,1
0,1,1,1,17392,17414,1012,2,0,42,925,1
1,1,1,1,267,583,2727,76,2,743,900,1
0,1,1,1,1402,909,3219,23,1,1540,1275,1
1,0,1,0,254,250,3185,1,15,2041,115,1
1,1,1,0,3408,167,3224,3,57,285,28,1
1,1,1,1,986,1241,3228,40,19,2169,1836,1
1,0,0,0,248,342,783,0,0,529,81,1
1,0,0,0,190,228,510,0,3,136,15,1
1,0,1,1,3178,417,3227,5,30,1513,362,1
1,1,0,1,98,154,1763,2,0,181,374,1
1,1,1,1,266,166,3218,3,16,225,124,1
1,1,1,0,202,632,3221,119,0,1222,1094,1
1,1,1,1,772,931,3219,1,0,1070,2112,1
1,0,1,0,672,604,1529,6,4,470,365,1
1,1,1,1,1154,664,3245,0,3,835,312,1
1,1,1,1,1585,183,3190,2,0,2055,1205,1
1,1,1,1,404,1053,3242,80,326,38,306,1
0,1,0,0,858,2000,3208,0,9,1812,625,1
0,1,1,0,1951,750,3236,2,4,801,746,1
1,1,1,0,214,202,3201,3,19,990,87,1
1,1,1,1,49,45,81,0,0,31,62,1
1,1,1,0,211,206,3117,5,10,1145,215,1
1,1,1,1,262,1442,3249,4,2,64,309,1
1,0,1,1,28726,110,3245,1269,3,1077,5,1
1,0,0,0,1,7,3,0,1,1,1,1
1,1,1,1,298,386,3214,0,4,735,446,1
1,0,1,0,27,46,597,0,0,59,38,1
1,1,0,0,249,289,3208,0,23,1017,122,1
1,1,1,1,2508,190,3192,80,19,1440,353,1
0,1,0,1,46,86,1885,0,5,696,447,1
1,1,1,1,308,326,3221,0,3,613,730,1
1,1,1,0,227,129,561,0,0,183,312,1
1,0,0,1,3291,69,3198,12,54,452,25,1
1,1,1,1,129,670,3245,10,24,1238,421,1
1,1,1,1,342,95,3239,0,2,649,83,1
1,1,0,0,361,670,3098,1,59,1484,527,1
1,0,0,1,1509,805,3207,8,37,1786,50,1
1,0,1,1,155,195,1655,2,20,703,411,1
1,1,0,1,285,225,2154,3,8,326,943,1
1,1,1,0,912,996,3246,11,27,141,223,1
1,0,1,0,1035,1454,3231,7,18,584,240,1
1,0,1,0,435,296,3199,0,2,1147,167,1
1,1,1,1,222,162,2109,0,6,1545,1174,1
1,1,1,1,2734,997,3237,362,37,613,1067,1
1,1,1,0,295,224,3177,33,102,1170,141,1
1,0,1,1,259,147,3187,6,15,1187,630,1
1,1,1,1,139,278,554,0,2,106,108,1
1,1,1,1,236,504,3094,13,10,1941,812,1
1,0,1,0,1334,1188,3205,3,13,1216,455,1
1,1,1,1,4794,525,3206,11,0,403,1312,1
1,1,0,1,266,282,3212,29,3,40,239,1
1,1,1,0,1325,2000,3218,2,0,1003,835,1
1,1,1,1,49,191,971,5,27,66,172,1
1,1,1,0,213,212,3236,2,9,854,155,1
1,1,1,0,567,478,3208,0,4,250,369,1
1,0,1,0,65,218,544,0,4,155,58,1
1,1,1,0,273,110,3201,1,12,2068,58,1
0,1,1,0,1454,1998,3157,6,10,589,705,1
1,1,1,0,407,416,3205,0,2,1668,2014,1
1,0,0,0,792,678,3188,24,56,1662,36,1
1,1,1,1,307,218,2980,60,2,789,888,1
1,1,1,1,1248,2001,3217,3,7,969,559,1
1,1,1,1,1519,462,3212,11,1,1585,932,1
1,1,1,0,367,632,3199,14,5,2024,82,1
1,0,1,0,572,561,3246,39,60,888,91,1
1,1,1,1,183,188,1264,4,0,811,376,1
1,0,1,1,246,164,1335,2,3,404,761,1
1,1,1,1,743,628,3095,7,23,1713,91,1
1,1,0,0,552,737,3074,15,47,1474,231,1
1,0,1,0,3759,1568,3226,8,10,864,499,1
1,1,1,0,10307,31,3184,10,22,697,99,1
1,0,0,0,305,318,1165,3,4,465,43,1
1,0,1,1,1400,422,3202,0,0,532,237,1
1,0,1,0,2245,65,1112,1,7,373,47,1
1,1,0,0,109,111,3207,4,37,1338,178,1
0,0,1,0,66,108,1503,4,0,112,310,1
1,0,0,0,242,233,3085,0,2,1013,123,1
1,1,1,0,136,262,3208,0,7,912,1299,1
1,1,1,0,639,38,3212,2,16,621,27,1
0,1,0,1,308,1006,1052,2,7,231,265,1
1,0,1,0,1618,1502,3206,0,4,199,64,1
1,1,1,1,170,271,1214,65,2,41,885,1
0,1,1,1,1388,1233,3201,4,2,815,234,1
1,1,1,0,180,327,3212,0,2,1679,909,1
1,0,1,0,3837,952,3177,25,12,779,137,1
1,1,1,1,821,552,3235,0,0,511,127,1
1,1,1,0,1068,1883,3181,0,9,893,464,1
1,1,1,0,1164,1906,3210,11,23,1747,479,1
1,1,1,1,960,513,3240,19,56,2036,520,1
1,1,1,0,12,34,29,0,0,0,0,1
1,1,1,1,4745,2404,3196,41,149,1977,804,1
1,1,1,1,1044,1036,3239,1,7,565,1265,1
1,0,0,0,1364,1015,3223,181,3,2206,607,1
1,1,1,1,680,611,3211,2,25,1483,338,1
1,1,1,1,146,519,3208,0,1,1173,1000,1
1,1,1,0,159,381,1547,0,0,229,378,1
1,0,1,1,2910,158,3232,47,45,727,89,1
1,1,1,0,1295,88,3206,2,22,929,506,1
1,1,0,0,447,197,3194,1,31,1484,122,1
1,1,1,0,76,85,746,3,0,124,284,1
1,1,1,1,1243,777,3197,1,5,242,119,1
0,1,1,1,1284,878,2997,0,0,802,603,1
1,1,1,0,324,196,3168,22,35,2272,98,1
1,1,1,1,720,530,3222,52,160,88,141,1
1,1,1,0,561,458,3192,11,20,1169,206,1
1,0,0,1,273,116,3208,0,0,692,91,1
1,1,1,0,182,107,3147,11,149,500,242,1
1,1,1,0,465,235,2387,4,27,723,97,1
1,1,0,1,931,1385,2967,0,2,2205,381,1
1,1,1,0,75,142,3204,3,12,309,1026,1
1,1,1,1,75,63,592,4,3,90,54,1
1,1,1,0,232,174,3001,3,30,1856,147,1
1,0,0,0,258,308,3193,9,19,1999,76,1
1,1,1,0,491,226,816,2,35,359,20,1
1,1,1,1,437,304,3204,3,26,749,66,1
1,0,1,0,3218,1943,3217,2,0,2471,1005,1
1,1,1,0,10273,98,3144,100,45,1523,230,1
1,1,1,0,94,597,304,2,0,37,120,1
