has_banner,has_location,has_extended_profile,has_url,followers,friends,label
0,1,0,0,17,523,0
0,1,0,0,20,537,0
0,1,0,0,20,518,0
0,1,0,0,16,529,0
0,1,0,0,21,534,0
0,1,0,0,25,513,0
0,1,0,0,15,543,0
0,1,0,0,20,572,0
0,1,0,0,25,508,0
0,1,0,0,28,540,0
0,1,0,0,25,527,0
0,1,0,0,19,566,0
0,1,0,0,19,556,0
0,1,0,0,22,527,0
0,1,0,0,20,524,0
0,1,0,0,27,536,0
0,1,0,0,18,513,0
0,1,0,0,23,529,0
0,1,0,0,11,554,0
0,1,0,0,15,546,0
0,1,0,0,22,544,0
0,1,0,0,22,575,0
0,1,0,0,19,495,0
0,1,0,0,20,548,0
0,1,0,0,22,595,0
0,1,0,0,22,623,0
0,1,0,0,15,540,0
0,1,0,0,23,520,0
0,1,0,0,37,726,0
0,1,0,0,23,528,0
0,1,0,0,24,507,0
0,1,0,0,15,512,0
0,1,0,0,22,547,0
0,1,0,0,18,503,0
0,1,0,0,22,468,0
0,1,0,0,17,520,0
0,1,0,0,23,603,0
0,1,0,0,24,706,0
0,1,0,0,23,512,0
0,1,0,0,18,538,0
0,1,0,0,13,504,0
0,1,0,0,17,506,0
0,1,0,0,16,559,0
0,1,0,0,31,583,0
0,1,0,0,21,557,0
0,1,0,0,26,648,0
0,1,0,0,23,549,0
0,1,0,0,20,515,0
0,1,0,0,20,518,0
0,1,0,0,21,551,0
0,1,0,0,26,501,0
0,1,0,0,15,498,0
0,1,0,0,20,511,0
0,1,0,0,25,593,0
0,1,0,0,28,506,0
0,1,0,0,18,535,0
0,1,0,0,27,616,0
0,1,0,0,19,547,0
0,1,0,0,26,532,0
0,1,0,0,15,565,0
0,1,0,0,25,526,0
0,1,0,0,33,651,0
0,1,0,0,18,508,0
0,1,0,0,16,561,0
0,1,0,0,16,445,0
0,1,0,0,13,547,0
0,1,0,0,35,519,0
0,1,0,0,19,404,0
0,1,0,0,24,483,0
0,1,0,0,19,427,0
0,1,0,0,14,432,0
0,1,0,0,31,628,0
0,1,0,0,18,627,0
0,1,0,0,28,625,0
0,1,0,0,22,581,0
0,1,0,0,19,617,0
0,1,0,0,15,593,0
0,1,0,0,0,0,0
0,1,0,0,28,615,0
0,1,0,0,22,624,0
0,1,0,0,27,773,0
0,1,0,0,26,619,0
0,1,0,0,21,782,0
0,1,0,0,17,650,0
0,1,0,0,23,838,0
0,1,0,0,16,573,0
0,1,0,0,23,666,0
0,1,0,0,23,603,0
0,1,0,0,23,738,0
0,1,0,0,20,730,0
0,1,0,0,20,593,0
0,1,0,0,15,601,0
0,1,0,0,18,614,0
0,1,0,0,26,1098,0
0,1,0,0,21,713,0
0,1,0,0,19,699,0
0,1,0,0,29,651,0
0,1,0,0,15,668,0
0,1,0,0,18,658,0
0,1,0,0,22,617,0
0,1,0,0,31,1152,0
0,1,0,0,22,672,0
0,1,0,0,15,573,0
0,1,0,0,26,639,0
0,1,0,0,23,621,0
0,1,0,0,23,584,0
0,1,0,0,27,962,0
0,1,0,0,28,708,0
0,1,0,0,32,1015,0
0,1,0,0,19,641,0
0,1,0,0,20,850,0
0,1,0,0,26,626,0
0,1,0,0,21,843,0
0,1,0,0,13,740,0
0,1,0,0,18,619,0
0,1,0,0,17,587,0
0,1,0,0,28,687,0
0,1,0,0,22,585,0
0,1,0,0,18,656,0
0,1,0,0,28,771,0
0,1,0,0,18,636,0
0,1,0,0,27,718,0
0,1,0,0,19,736,0
0,1,0,0,24,549,0
0,1,0,0,20,715,0
0,1,0,0,26,585,0
0,1,0,0,16,699,0
0,1,0,0,16,602,0
0,1,0,0,25,575,0
0,1,0,0,13,526,0
0,1,0,0,19,808,0
0,1,0,0,15,651,0
0,1,0,0,17,519,0
0,1,0,0,22,595,0
0,1,0,0,20,664,0
0,1,0,0,14,530,0
0,1,0,0,22,530,0
0,1,0,0,24,646,0
0,1,0,0,23,565,0
0,1,0,0,30,734,0
0,1,0,0,24,579,0
0,1,0,0,33,852,0
0,1,0,0,27,625,0
0,1,0,0,25,652,0
0,1,0,0,20,564,0
0,1,0,0,28,771,0
0,1,0,0,15,521,0
0,1,0,0,20,647,0
0,1,0,0,23,549,0
0,1,0,0,24,538,0
0,1,0,0,22,517,0
0,1,0,0,19,551,0
0,1,0,0,19,594,0
0,1,0,0,21,552,0
0,1,0,0,29,481,0
0,1,0,0,25,524,0
0,1,0,0,21,507,0
0,1,0,0,20,702,0
0,1,0,0,27,557,0
0,1,0,0,21,577,0
0,1,0,0,18,548,0
0,1,0,0,17,566,0
0,1,0,0,22,560,0
0,1,0,0,26,588,0
0,1,0,0,22,518,0
0,1,0,0,20,565,0
0,1,0,0,23,582,0
0,1,0,0,17,547,0
0,1,0,0,29,753,0
0,1,0,0,17,624,0
0,1,0,0,19,665,0
0,1,0,0,29,517,0
0,1,0,0,19,507,0
0,1,0,0,16,531,0
0,1,0,0,23,583,0
0,1,0,0,19,499,0
0,1,0,0,25,552,0
0,1,0,0,24,584,0
0,1,0,0,14,562,0
0,1,0,0,15,578,0
0,1,0,0,25,489,0
0,1,0,0,18,500,0
0,1,0,0,16,451,0
0,1,0,0,28,634,0
0,1,0,0,20,607,0
0,1,0,0,16,493,0
0,1,0,0,22,505,0
0,1,0,0,15,475,0
0,1,0,0,25,619,0
0,1,0,0,20,534,0
0,1,0,0,22,541,0
0,1,0,0,20,566,0
0,1,0,0,21,549,0
0,1,0,0,15,508,0
0,1,0,0,20,502,0
0,1,0,0,18,525,0
0,1,0,0,32,522,0
0,1,0,0,16,519,0
0,1,0,0,10,408,0
0,1,0,0,34,749,0
0,1,0,0,15,559,0
0,1,0,0,23,548,0
0,1,0,0,25,511,0
0,1,0,0,23,543,0
0,1,0,0,23,492,0
0,1,0,0,23,585,0
0,1,0,0,26,595,0
0,1,0,0,22,478,0
0,1,0,0,17,446,0
0,1,0,0,19,473,0
0,1,0,0,24,490,0
0,1,0,0,24,462,0
0,1,0,0,18,501,0
0,1,0,0,21,491,0
0,1,0,0,26,630,0
0,1,0,0,19,434,0
0,1,0,0,20,461,0
0,1,0,0,16,485,0
0,1,0,0,25,644,0
0,1,0,0,16,451,0
0,1,0,0,24,404,0
0,1,0,0,20,474,0
0,1,0,0,22,393,0
0,1,0,0,20,460,0
0,1,0,0,20,498,0
0,1,0,0,13,483,0
0,1,0,0,16,438,0
0,1,0,0,19,511,0
0,1,0,0,21,527,0
0,1,0,0,22,517,0
0,1,0,0,16,355,0
0,1,0,0,20,412,0
0,1,0,0,18,456,0
0,1,0,0,9,440,0
0,1,0,0,26,464,0
0,1,0,0,24,390,0
0,1,0,0,12,394,0
0,1,0,0,18,421,0
0,1,0,0,13,403,0
0,1,0,0,24,404,0
0,1,0,0,19,377,0
0,1,0,0,17,397,0
0,1,0,0,21,399,0
0,1,0,0,21,414,0
0,1,0,0,23,431,0
0,1,0,0,15,395,0
0,1,0,0,26,398,0
0,1,0,0,13,379,0
0,1,0,0,21,484,0
0,1,0,0,14,529,0
0,1,0,0,21,464,0
0,1,0,0,10,415,0
0,1,0,0,19,384,0
0,1,0,0,27,400,0
0,1,0,0,19,401,0
0,1,0,0,13,429,0
0,1,0,0,13,374,0
0,1,0,0,22,363,0
0,1,0,0,25,400,0
0,1,0,0,10,405,0
0,1,0,0,20,397,0
0,1,0,0,18,400,0
0,1,0,0,18,373,0
0,1,0,0,18,390,0
0,1,0,0,11,394,0
0,1,0,0,18,382,0
0,1,0,0,21,418,0
0,1,0,0,12,365,0
0,1,0,0,19,394,0
0,1,0,0,24,431,0
0,1,0,0,15,399,0
0,1,0,0,15,381,0
0,1,0,0,23,389,0
0,1,0,0,15,384,0
0,1,0,0,10,388,0
0,1,0,0,19,411,0
0,1,0,0,20,359,0
0,1,0,0,18,353,0
0,1,0,0,19,354,0
0,1,0,0,16,402,0
0,1,0,0,15,344,0
0,1,0,0,23,408,0
0,1,0,0,20,365,0
0,1,0,0,25,360,0
0,1,0,0,20,358,0
0,1,0,0,12,366,0
0,1,0,0,18,364,0
0,1,0,0,43,936,0
0,1,0,0,21,365,0
0,1,0,0,20,406,0
0,1,0,0,18,386,0
0,1,0,0,14,404,0
0,1,0,0,13,404,0
0,1,0,0,18,390,0
0,1,0,0,14,398,0
0,1,0,0,15,340,0
0,1,0,0,18,452,0
0,1,0,0,21,365,0
0,1,0,0,16,385,0
0,1,0,0,18,373,0
0,1,0,0,25,379,0
0,1,0,0,28,407,0
0,1,0,0,20,407,0
0,1,0,0,16,385,0
0,1,0,0,16,375,0
0,1,0,0,13,391,0
0,1,0,0,17,360,0
0,1,0,0,32,954,0
0,1,0,0,23,351,0
0,1,0,0,23,407,0
0,1,0,0,18,381,0
0,1,0,0,12,402,0
0,1,0,0,12,393,0
0,1,0,0,14,379,0
0,1,0,0,21,337,0
0,1,0,0,21,424,0
0,1,0,0,19,384,0
0,1,0,0,21,360,0
0,1,0,0,16,380,0
0,1,0,0,16,346,0
0,1,0,0,15,422,0
0,1,0,0,22,432,0
0,1,0,0,18,315,0
0,1,0,0,24,395,0
0,1,0,0,18,358,0
0,1,0,0,16,329,0
0,1,0,0,29,476,0
0,1,0,0,19,368,0
0,1,0,0,25,342,0
0,1,0,0,20,388,0
0,1,0,0,24,373,0
0,1,0,0,10,339,0
0,1,0,0,17,355,0
0,1,0,0,21,349,0
0,1,0,0,18,365,0
0,1,0,0,13,366,0
0,1,0,0,20,349,0
0,1,0,0,20,370,0
0,1,0,0,15,336,0
0,1,0,0,18,338,0
0,1,0,0,23,373,0
0,1,0,0,17,377,0
0,1,0,0,17,333,0
0,1,0,0,20,337,0
0,1,0,0,19,326,0
0,1,0,0,20,407,0
0,1,0,0,20,366,0
0,1,0,0,23,389,0
0,1,0,0,14,351,0
0,1,0,0,14,365,0
0,1,0,0,19,337,0
0,1,0,0,8,398,0
0,1,0,0,18,381,0
0,1,0,0,14,300,0
0,1,0,0,20,383,0
0,1,0,0,11,362,0
0,1,0,0,14,365,0
0,1,0,0,18,371,0
0,1,0,0,16,349,0
0,1,0,0,16,369,0
0,1,0,0,16,330,0
0,1,0,0,15,369,0
0,1,0,0,18,357,0
0,1,0,0,10,361,0
0,1,0,0,24,406,0
0,1,0,0,18,333,0
0,1,0,0,12,322,0
0,1,0,0,16,345,0
0,1,0,0,18,334,0
0,1,0,0,11,370,0
0,1,0,0,18,390,0
0,1,0,0,18,394,0
0,1,0,0,23,349,0
0,1,0,0,23,459,0
0,1,0,0,19,336,0
0,1,0,0,25,361,0
0,1,0,0,20,321,0
0,1,0,0,17,310,0
0,1,0,0,13,515,0
0,1,0,0,17,341,0
0,1,0,0,17,345,0
0,1,0,0,23,353,0
0,1,0,0,18,350,0
0,1,0,0,22,285,0
0,1,0,0,16,384,0
0,1,0,0,11,317,0
0,1,0,0,25,367,0
0,1,0,0,25,503,0
0,1,0,0,15,394,0
0,1,0,0,26,532,0
0,1,0,0,22,346,0
0,1,0,0,22,340,0
0,1,0,0,22,453,0
0,1,0,0,24,521,0
0,1,0,0,27,490,0
0,1,0,0,23,359,0
0,1,0,0,19,340,0
0,1,0,0,22,372,0
0,1,0,0,13,385,0
0,1,0,0,15,320,0
0,1,0,0,15,312,0
0,1,0,0,13,310,0
0,1,0,0,18,318,0
0,1,0,0,22,357,0
0,1,0,0,20,330,0
0,1,0,0,26,360,0
0,1,0,0,19,330,0
0,1,0,0,15,364,0
0,1,0,0,12,346,0
0,1,0,0,21,338,0
0,1,0,0,28,530,0
0,1,0,0,17,315,0
0,1,0,0,18,305,0
0,1,0,0,20,539,0
0,1,0,0,22,528,0
0,1,0,0,14,336,0
0,1,0,0,9,338,0
0,1,0,0,14,370,0
0,1,0,0,14,321,0
0,1,0,0,22,314,0
0,1,0,0,13,312,0
0,1,0,0,25,443,0
0,1,0,0,16,327,0
0,1,0,0,23,501,0
0,1,0,0,12,320,0
0,1,0,0,18,403,0
0,1,0,0,15,372,0
0,1,0,0,25,519,0
0,1,0,0,23,539,0
0,1,0,0,23,344,0
0,1,0,0,20,348,0
0,1,0,0,14,315,0
0,1,0,0,27,520,0
0,1,0,0,8,344,0
0,1,0,0,19,353,0
0,1,0,0,12,327,0
0,1,0,0,17,318,0
0,1,0,0,12,356,0
0,1,0,0,20,370,0
0,1,0,0,23,350,0
0,1,0,0,19,388,0
0,1,0,0,18,333,0
0,1,0,0,16,343,0
0,1,0,0,21,336,0
0,1,0,0,16,429,0
0,1,0,0,12,312,0
0,1,0,0,11,408,0
0,1,0,0,16,319,0
0,1,0,0,13,346,0
0,1,0,0,25,328,0
0,1,0,0,17,295,0
0,1,0,0,19,304,0
0,1,0,0,12,334,0
0,1,0,0,24,379,0
0,1,0,0,14,347,0
0,1,0,0,10,336,0
0,1,0,0,13,321,0
0,1,0,0,21,335,0
0,1,0,0,15,353,0
0,1,0,0,16,373,0
0,1,0,0,13,329,0
0,1,0,0,17,362,0
0,1,0,0,15,337,0
0,1,0,0,17,344,0
0,1,0,0,20,332,0
0,1,0,0,11,319,0
0,1,0,0,8,342,0
0,1,0,0,16,310,0
0,1,0,0,17,300,0
0,1,0,0,13,334,0
0,1,0,0,18,312,0
0,1,0,0,24,349,0
0,1,0,0,15,348,0
0,1,0,0,25,299,0
0,1,0,0,14,348,0
0,1,0,0,20,309,0
0,1,0,0,17,418,0
0,1,0,0,17,333,0
0,1,0,0,20,350,0
0,1,0,0,17,351,0
0,1,0,0,10,394,0
0,1,0,0,15,332,0
0,1,0,0,16,311,0
0,1,0,0,14,332,0
0,1,0,0,14,273,0
0,1,0,0,16,336,0
0,1,0,0,15,343,0
0,1,0,0,22,293,0
0,1,0,0,17,343,0
0,1,0,0,12,302,0
0,1,0,0,15,326,0
0,1,0,0,18,328,0
0,1,0,0,11,355,0
0,1,0,0,11,329,0
0,1,0,0,20,322,0
0,1,0,0,12,311,0
0,1,0,0,10,276,0
0,1,0,0,12,350,0
0,1,0,0,16,316,0
0,1,0,0,18,333,0
0,1,0,0,16,374,0
0,1,0,0,19,370,0
0,1,0,0,7,321,0
0,1,0,0,12,321,0
0,1,0,0,13,330,0
0,1,0,0,20,412,0
0,1,0,0,23,371,0
0,1,0,0,29,313,0
0,1,0,0,22,312,0
0,1,0,0,17,335,0
0,1,0,0,19,337,0
0,1,0,0,15,308,0
0,1,0,0,11,354,0
0,1,0,0,14,330,0
0,1,0,0,14,327,0
0,1,0,0,19,323,0
0,1,0,0,17,325,0
0,1,0,0,9,333,0
0,1,0,0,23,341,0
0,1,0,0,12,333,0
0,1,0,0,22,540,0
0,1,0,0,15,520,0
0,1,0,0,17,536,0
0,1,0,0,17,325,0
0,1,0,0,23,354,0
0,1,0,0,17,314,0
0,1,0,0,18,302,0
0,1,0,0,10,293,0
0,1,0,0,30,535,0
0,1,0,0,20,333,0
0,1,0,0,18,326,0
0,1,0,0,13,314,0
0,1,0,0,27,361,0
0,1,0,0,12,327,0
0,1,0,0,15,322,0
0,1,0,0,14,317,0
0,1,0,0,18,347,0
0,1,0,0,15,322,0
0,1,0,0,14,314,0
0,1,0,0,13,307,0
0,1,0,0,17,319,0
0,1,0,0,14,361,0
0,1,0,0,17,313,0
0,1,0,0,15,338,0
0,1,0,0,14,323,0
0,1,0,0,10,292,0
0,1,0,0,13,347,0
0,1,0,0,20,299,0
0,1,0,0,21,276,0
0,1,0,0,16,299,0
0,1,0,0,15,324,0
0,1,0,0,17,336,0
0,1,0,0,19,310,0
0,1,0,0,12,305,0
0,1,0,0,17,305,0
0,1,0,0,14,348,0
0,1,0,0,17,295,0
0,1,0,0,22,286,0
0,1,0,0,23,323,0
0,1,0,0,25,323,0
0,1,0,0,17,288,0
0,1,0,0,23,517,0
0,1,0,0,18,263,0
0,1,0,0,16,326,0
0,1,0,0,18,305,0
0,1,0,0,18,303,0
0,1,0,0,18,324,0
0,1,0,0,21,313,0
0,1,0,0,15,294,0
0,1,0,0,25,318,0
0,1,0,0,16,336,0
0,1,0,0,17,323,0
0,1,0,0,32,265,0
0,1,0,0,18,301,0
0,1,0,0,18,314,0
0,1,0,0,17,322,0
0,1,0,0,14,305,0
0,1,0,0,15,321,0
0,1,0,0,20,309,0
0,1,0,0,16,306,0
0,1,0,0,9,298,0
0,1,0,0,24,657,0
0,1,0,0,20,308,0
0,1,0,0,18,317,0
0,1,0,0,13,332,0
0,1,0,0,16,323,0
0,1,0,0,11,306,0
0,1,0,0,23,461,0
0,1,0,0,14,326,0
0,1,0,0,32,326,0
0,1,0,0,15,328,0
0,1,0,0,16,288,0
0,1,0,0,22,468,0
0,1,0,0,17,326,0
0,1,0,0,24,320,0
0,1,0,0,15,321,0
0,1,0,0,23,352,0
0,1,0,0,22,351,0
0,1,0,0,17,536,0
0,1,0,0,10,306,0
0,1,0,0,19,543,0
0,1,0,0,16,292,0
0,1,0,0,25,349,0
0,1,0,0,16,338,0
0,1,0,0,24,626,0
0,1,0,0,18,330,0
0,1,0,0,19,315,0
0,1,0,0,14,316,0
0,1,0,0,20,527,0
0,1,0,0,18,286,0
0,1,0,0,19,311,0
0,1,0,0,19,494,0
0,1,0,0,23,272,0
0,1,0,0,15,280,0
0,1,0,0,14,260,0
0,1,0,0,13,273,0
0,1,0,0,18,309,0
0,1,0,0,23,624,0
0,1,0,0,48,481,0
0,1,0,0,16,325,0
0,1,0,0,15,323,0
0,1,0,0,21,326,0
0,1,0,0,18,310,0
0,1,0,0,9,334,0
0,1,0,0,26,500,0
0,1,0,0,0,2,0
0,1,0,0,25,533,0
0,1,0,0,22,270,0
0,1,0,0,23,342,0
0,1,0,0,11,294,0
0,1,0,0,26,302,0
0,1,0,0,21,316,0
0,1,0,0,18,685,0
0,1,0,0,11,302,0
0,1,0,0,18,365,0
0,1,0,0,23,306,0
0,1,0,0,15,268,0
0,1,0,0,28,535,0
0,1,0,0,15,284,0
0,1,0,0,20,280,0
0,1,0,0,12,317,0
0,1,0,0,20,332,0
0,1,0,0,24,294,0
0,1,0,0,14,319,0
0,1,0,0,10,297,0
0,1,0,0,16,318,0
0,1,0,0,18,267,0
0,1,0,0,17,313,0
0,1,0,0,18,325,0
0,1,0,0,9,264,0
0,1,0,0,24,336,0
0,1,0,0,14,302,0
0,1,0,0,13,327,0
0,1,0,0,23,310,0
0,1,0,0,17,308,0
0,1,0,0,11,345,0
0,1,0,0,18,266,0
0,1,0,0,16,275,0
0,1,0,0,20,313,0
0,1,0,0,13,320,0
0,1,0,0,17,262,0
0,1,0,0,17,304,0
0,1,0,0,12,269,0
0,1,0,0,16,328,0
0,1,0,0,16,289,0
0,1,0,0,22,668,0
0,1,0,0,18,308,0
0,1,0,0,20,326,0
0,1,0,0,16,315,0
0,1,0,0,14,293,0
0,1,0,0,20,287,0
0,1,0,0,21,514,0
0,1,0,0,13,282,0
0,1,0,0,15,274,0
0,1,0,0,14,307,0
0,1,0,0,18,297,0
0,1,0,0,25,269,0
0,1,0,0,17,303,0
0,1,0,0,15,319,0
0,1,0,0,12,272,0
0,1,0,0,18,284,0
0,1,0,0,18,277,0
0,1,0,0,15,308,0
0,1,0,0,20,313,0
0,1,0,0,19,267,0
0,1,0,0,19,319,0
0,1,0,0,13,341,0
0,1,0,0,19,228,0
0,1,0,0,21,289,0
0,1,0,0,21,284,0
0,1,0,0,15,317,0
0,1,0,0,16,299,0
0,1,0,0,16,293,0
0,1,0,0,19,298,0
0,1,0,0,14,289,0
0,1,0,0,23,288,0
0,1,0,0,19,280,0
0,1,0,0,10,281,0
0,1,0,0,12,314,0
0,1,0,0,21,255,0
0,1,0,0,17,295,0
0,1,0,0,10,266,0
0,1,0,0,16,305,0
0,1,0,0,12,307,0
0,1,0,0,14,263,0
0,1,0,0,14,285,0
0,1,0,0,16,302,0
0,1,0,0,17,267,0
0,1,0,0,18,267,0
0,1,0,0,22,279,0
0,1,0,0,15,270,0
0,1,0,0,18,267,0
0,1,0,0,15,301,0
0,1,0,0,15,276,0
0,1,0,0,8,259,0
0,1,0,0,6,245,0
0,1,0,0,20,288,0
0,1,0,0,16,277,0
0,1,0,0,13,262,0
0,1,0,0,12,307,0
0,1,0,0,12,278,0
0,1,0,0,18,270,0
0,1,0,0,24,270,0
0,1,0,0,12,288,0
0,1,0,0,16,262,0
0,1,0,0,7,241,0
0,1,0,0,23,307,0
0,1,0,0,12,272,0
0,1,0,0,19,272,0
0,1,0,0,16,273,0
0,1,0,0,17,288,0
0,1,0,0,22,260,0
0,1,0,0,11,280,0
0,1,0,0,16,299,0
0,1,0,0,21,279,0
0,1,0,0,17,287,0
0,1,0,0,17,316,0
0,1,0,0,15,274,0
0,1,0,0,17,283,0
0,1,0,0,20,295,0
0,1,0,0,18,320,0
0,1,0,0,13,294,0
0,1,0,0,23,263,0
0,1,0,0,15,316,0
0,1,0,0,16,288,0
0,1,0,0,12,290,0
0,1,0,0,16,302,0
0,1,0,0,19,313,0
0,1,0,0,22,274,0
0,1,0,0,18,272,0
0,1,0,0,20,276,0
0,1,0,0,18,301,0
0,1,0,0,16,314,0
0,1,0,0,22,278,0
0,1,0,0,15,289,0
0,1,0,0,16,331,0
0,1,0,0,11,293,0
0,1,0,0,14,303,0
0,1,0,0,12,308,0
0,1,0,0,13,287,0
0,1,0,0,12,298,0
0,1,0,0,11,307,0
0,1,0,0,10,306,0
0,1,0,0,13,283,0
0,1,0,0,16,637,0
0,1,0,0,11,282,0
0,1,0,0,17,569,0
0,1,0,0,14,285,0
0,1,0,0,20,288,0
0,1,0,0,27,681,0
0,1,0,0,18,264,0
0,1,0,0,11,289,0
0,1,0,0,21,635,0
0,1,0,0,16,308,0
0,1,0,0,22,280,0
0,1,0,0,21,649,0
0,1,0,0,12,283,0
0,1,0,0,18,271,0
0,1,0,0,30,614,0
0,1,0,0,21,277,0
0,1,0,0,9,287,0
0,1,0,0,15,294,0
0,1,0,0,25,577,0
0,1,0,0,20,289,0
0,1,0,0,20,332,0
0,1,0,0,22,266,0
0,1,0,0,18,244,0
0,1,0,0,21,259,0
0,1,0,0,18,549,0
0,1,0,0,15,270,0
0,1,0,0,13,273,0
0,1,0,0,8,291,0
0,1,0,0,12,295,0
0,1,0,0,16,280,0
0,1,0,0,21,291,0
0,1,0,0,25,262,0
0,1,0,0,13,256,0
0,1,0,0,18,319,0
0,1,0,0,18,286,0
0,1,0,0,17,281,0
0,1,0,0,20,282,0
0,1,0,0,25,250,0
0,1,0,0,17,278,0
0,1,0,0,14,283,0
0,1,0,0,17,276,0
0,1,0,0,14,249,0
0,1,0,0,15,296,0
0,1,0,0,17,273,0
0,1,0,0,13,282,0
0,1,0,0,9,308,0
0,1,0,0,14,281,0
0,1,0,0,18,280,0
0,1,0,0,10,237,0
0,1,0,0,16,266,0
0,1,0,0,16,255,0
0,1,0,0,21,253,0
0,1,0,0,13,326,0
0,1,0,0,19,303,0
0,1,0,0,21,269,0
0,1,0,0,19,302,0
0,1,0,0,12,294,0
0,1,0,0,11,262,0
0,1,0,0,19,257,0
0,1,0,0,21,270,0
0,1,0,0,18,247,0
0,1,0,0,22,258,0
0,1,0,0,11,258,0
0,1,0,0,13,276,0
0,1,0,0,18,276,0
0,1,0,0,21,274,0
0,1,0,0,16,278,0
0,1,0,0,17,311,0
0,1,0,0,26,276,0
0,1,0,0,16,264,0
0,1,0,0,17,270,0
0,1,0,0,14,249,0
0,1,0,0,15,267,0
0,1,0,0,14,269,0
0,1,0,0,14,284,0
0,1,0,0,9,299,0
0,1,0,0,25,306,0
0,1,0,0,15,274,0
0,1,0,0,13,251,0
0,1,0,0,13,275,0
0,1,0,0,13,263,0
0,1,0,0,13,260,0
0,1,0,0,13,247,0
0,1,0,0,22,319,0
0,1,0,0,21,294,0
0,1,0,0,13,306,0
0,1,0,0,12,236,0
0,1,0,0,20,250,0
0,1,0,0,10,263,0
0,1,0,0,14,280,0
0,1,0,0,20,290,0
0,1,0,0,15,261,0
0,1,0,0,12,245,0
0,1,0,0,9,264,0
0,1,0,0,14,296,0
0,1,0,0,20,263,0
0,1,0,0,14,285,0
0,1,0,0,19,243,0
0,1,0,0,21,267,0
0,1,0,0,14,254,0
0,1,0,0,13,290,0
0,1,0,0,15,285,0
0,1,0,0,17,233,0
0,1,0,0,13,280,0
0,1,0,0,15,235,0
0,1,0,0,12,255,0
0,1,0,0,42,404,0
0,1,0,0,18,264,0
0,1,0,0,17,244,0
0,1,0,0,12,239,0
0,1,0,0,15,297,0
0,1,0,0,12,254,0
0,1,0,0,23,279,0
0,1,0,0,18,250,0
0,1,0,0,18,233,0
0,1,0,0,23,272,0
0,1,0,0,11,245,0
0,1,0,0,22,275,0
0,1,0,0,14,248,0
0,1,0,0,16,297,0
0,1,0,0,21,254,0
0,1,0,0,11,230,0
0,1,0,0,15,264,0
0,1,0,0,22,302,0
0,1,0,0,20,239,0
0,1,0,0,21,281,0
0,1,0,0,13,275,0
0,1,0,0,16,251,0
0,1,0,0,13,274,0
0,1,0,0,20,259,0
0,1,0,0,18,291,0
0,1,0,0,25,522,0
0,1,0,0,15,252,0
0,1,0,0,21,273,0
0,1,0,0,11,253,0
0,1,0,0,12,307,0
0,1,0,0,22,303,0
0,1,0,0,20,280,0
0,1,0,0,17,281,0
0,1,0,0,14,265,0
0,1,0,0,20,259,0
0,1,0,0,15,271,0
0,1,0,0,11,275,0
0,1,0,0,13,299,0
0,1,0,0,16,294,0
0,1,0,0,16,290,0
0,1,0,0,12,301,0
0,1,0,0,13,238,0
0,1,0,0,12,286,0
0,1,0,0,17,252,0
0,1,0,0,12,260,0
0,1,0,0,16,284,0
0,1,0,0,25,272,0
0,1,0,0,17,278,0
0,1,0,0,7,296,0
0,1,0,0,20,300,0
0,1,0,0,23,284,0
0,1,0,0,42,435,0
0,1,0,0,17,300,0
0,1,0,0,13,275,0
0,1,0,0,10,259,0
0,1,0,0,12,290,0
0,1,0,0,12,252,0
0,1,0,0,10,237,0
0,1,0,0,13,237,0
0,1,0,0,15,216,0
0,1,0,0,14,251,0
0,1,0,0,14,251,0
0,1,0,0,11,241,0
0,1,0,0,7,221,0
0,1,0,0,12,242,0
0,1,0,0,11,272,0
0,1,0,0,9,237,0
0,1,0,0,7,263,0
0,1,0,0,12,201,0
0,1,0,0,17,215,0
0,1,0,0,8,233,0
0,1,0,0,19,224,0
0,1,0,0,15,256,0
0,1,0,0,8,240,0
0,1,0,0,11,207,0
0,1,0,0,12,224,0
0,1,0,0,5,190,0
0,1,0,0,7,205,0
0,1,0,0,14,265,0
0,1,0,0,9,197,0
0,1,0,0,16,268,0
0,1,0,0,11,244,0
0,1,0,0,14,204,0
0,1,0,0,11,242,0
0,1,0,0,18,219,0
0,1,0,0,11,218,0
0,1,0,0,16,227,0
0,1,0,0,8,232,0
0,1,0,0,16,214,0
0,1,0,0,12,228,0
0,1,0,0,8,203,0
0,1,0,0,13,221,0
0,1,0,0,7,201,0
0,1,0,0,8,210,0
0,1,0,0,6,204,0
0,1,0,0,14,202,0
0,1,0,0,11,228,0
0,1,0,0,12,210,0
0,1,0,0,16,216,0
0,1,0,0,8,222,0
0,1,0,0,9,224,0
0,1,0,0,12,214,0
0,1,0,0,8,219,0
0,1,0,0,11,228,0
0,1,0,0,14,201,0
0,1,0,0,15,236,0
0,1,0,0,11,253,0
0,1,0,0,12,211,0
0,1,0,0,13,204,0
0,1,0,0,7,210,0
0,1,0,0,11,203,0
0,0,0,0,0,37,0
0,1,0,0,0,34,0
0,0,0,0,1,23,0
0,1,0,0,0,35,0
0,1,0,0,1,22,0
0,0,0,0,2,44,0
0,1,0,0,1,32,0
0,1,0,0,1,33,0
0,1,0,0,1,30,0
0,1,0,0,2,29,0
0,1,0,0,0,37,0
0,1,0,0,2,42,0
0,0,0,0,2,24,0
0,0,0,0,2,26,0
0,1,0,0,1,22,0
0,1,0,0,0,36,0
0,1,0,0,0,40,0
0,0,0,0,3,46,0
0,0,0,0,1,33,0
0,1,0,0,1,27,0
0,1,0,0,1,32,0
0,1,0,0,0,21,0
0,1,0,0,2,43,0
0,1,0,0,1,24,0
0,1,0,0,1,42,0
0,0,0,0,0,39,0
0,0,0,0,4,36,0
0,0,0,0,0,37,0
0,1,0,0,1,39,0
0,1,0,0,3,31,0
0,1,0,0,2,38,0
0,1,0,0,0,31,0
0,1,0,0,0,31,0
0,1,0,0,3,32,0
0,0,0,0,1,42,0
0,0,0,0,0,17,0
0,1,0,0,0,41,0
0,1,0,0,2,24,0
0,1,0,0,1,44,0
0,1,0,0,2,21,0
0,0,0,0,2,48,0
0,0,0,0,0,48,0
0,0,0,0,0,38,0
0,1,0,0,1,36,0
0,1,0,0,0,32,0
0,1,0,0,0,11,0
0,1,0,0,1,32,0
0,1,0,0,3,54,0
0,0,0,0,1,22,0
0,1,0,0,0,31,0
0,0,0,0,0,41,0
0,1,0,0,0,29,0
0,1,0,0,0,40,0
0,1,0,0,0,31,0
0,0,0,0,0,36,0
0,0,0,0,2,29,0
0,0,0,0,1,32,0
0,1,0,0,1,34,0
0,1,0,0,1,45,0
0,0,0,0,0,21,0
0,1,0,0,1,36,0
0,1,0,0,4,25,0
0,0,0,0,0,39,0
0,1,0,0,1,24,0
0,1,0,0,2,22,0
0,1,0,0,0,42,0
0,0,0,0,0,28,0
0,0,0,0,0,33,0
0,1,0,0,1,38,0
0,1,0,0,3,36,0
0,1,0,0,0,29,0
0,1,0,0,0,33,0
0,0,0,0,1,36,0
0,1,0,0,6,45,0
0,1,0,0,3,33,0
0,1,0,0,1,38,0
0,1,0,0,1,24,0
0,1,0,0,0,30,0
0,0,0,0,1,25,0
0,1,0,0,1,20,0
0,0,0,0,1,23,0
0,1,0,0,1,24,0
0,1,0,0,0,34,0
0,0,0,0,1,23,0
0,1,0,0,2,26,0
0,0,0,0,0,25,0
0,1,0,0,3,24,0
0,1,0,0,2,26,0
0,0,0,0,1,34,0
0,0,0,0,1,22,0
0,1,0,0,0,25,0
0,0,0,0,0,24,0
0,1,0,0,0,28,0
0,1,0,0,1,21,0
0,1,0,0,1,22,0
0,1,0,0,0,25,0
0,0,0,0,0,24,0
0,1,0,0,1,26,0
0,0,0,0,1,28,0
0,0,0,0,1,18,0
0,1,0,0,0,31,0
0,1,0,0,1,9,0
0,1,0,0,0,28,0
0,1,0,0,1,17,0
0,0,0,0,1,27,0
0,1,0,0,0,19,0
0,0,0,0,1,20,0
0,1,0,0,1,19,0
0,0,0,0,0,19,0
0,0,0,0,0,16,0
0,1,0,0,1,21,0
0,0,0,0,1,8,0
0,1,0,0,0,15,0
0,1,0,0,0,17,0
0,1,0,0,0,16,0
0,1,0,0,2,19,0
0,1,0,0,2,15,0
0,1,0,0,1,17,0
0,1,0,0,2,20,0
0,1,0,0,0,15,0
0,0,0,0,1,20,0
0,1,0,0,1,14,0
0,0,0,0,0,18,0
0,0,0,0,2,15,0
0,1,0,0,2,15,0
0,0,0,0,1,18,0
0,0,0,0,1,22,0
0,1,0,0,0,18,0
0,1,0,0,0,22,0
0,0,0,0,0,24,0
0,1,0,0,1,12,0
0,1,0,0,1,21,0
0,1,0,0,1,19,0
0,1,0,0,0,17,0
0,1,0,0,0,15,0
0,0,0,0,0,16,0
1,1,1,1,2248,981,1
1,0,1,0,641,1066,1
1,1,0,0,1042,2000,1
1,0,0,0,337,256,1
1,1,1,1,1948,2096,1
1,1,0,0,552,787,1
1,0,1,0,223,166,1
1,1,1,1,303,325,1
1,0,1,0,435,320,1
1,1,1,0,182,117,1
1,1,1,0,349,348,1
1,1,1,1,726,28,1
1,1,1,0,543,327,1
1,0,0,0,10,91,1
1,1,1,0,385,200,1
1,0,0,0,249,278,1
1,1,1,0,173,312,1
1,1,1,0,241,273,1
1,1,0,1,358,967,1
1,1,1,0,136,116,1
0,1,1,0,93,385,1
1,1,0,1,235,112,1
1,1,1,1,763,97,1
1,1,1,1,281,421,1
1,1,1,1,865,250,1
1,1,1,1,202,300,1
1,1,1,0,53,272,1
1,0,0,0,142,129,1
1,1,1,0,415,481,1
1,1,0,1,220,1040,1
1,1,1,1,385,353,1
1,1,1,0,665,1168,1
1,1,1,0,422,326,1
1,0,1,1,592,254,1
1,1,1,1,1347,736,1
1,0,1,1,118,224,1
1,1,0,0,720,727,1
1,0,1,0,1439,755,1
1,0,0,0,790,159,1
1,1,1,1,15305,1543,1
1,0,0,0,121,231,1
1,1,0,0,34,351,1
1,1,1,1,7689,207,1
1,1,1,0,1045,350,1
0,1,1,0,147,138,1
1,1,1,0,3,50,1
1,0,1,1,604,296,1
1,0,0,0,220,198,1
1,1,1,0,6897,3735,1
1,1,1,1,35379,587,1
1,1,1,0,1575,1601,1
1,1,1,0,844,1416,1
1,0,1,0,423,261,1
0,0,1,0,157,168,1
1,0,1,0,5169,3418,1
1,0,0,1,520,1302,1
1,0,1,0,552,427,1
1,1,1,0,384,187,1
1,1,1,1,165,647,1
1,1,1,1,527,1778,1
1,0,1,0,296,435,1
1,1,0,1,169,313,1
1,1,1,0,616,604,1
1,1,1,1,93,210,1
1,1,1,1,1471,1977,1
1,0,0,0,108,151,1
1,1,1,1,1249,1724,1
1,0,1,0,49,205,1
1,0,1,0,510,322,1
1,0,1,0,167,156,1
1,1,1,1,1331,1943,1
1,1,1,0,1236,624,1
1,0,1,0,1203,2001,1
1,1,0,1,1008,1756,1
1,0,0,0,1477,908,1
1,1,1,0,372,547,1
1,1,0,0,491,208,1
1,0,0,0,171,129,1
1,0,0,0,370,330,1
1,1,0,1,53,186,1
1,1,1,1,374,372,1
1,1,1,1,41442,4967,1
1,1,1,1,746,237,1
1,0,0,1,158,347,1
1,0,1,1,2856,265,1
1,1,1,1,52287,209,1
1,1,1,1,1577,678,1
0,1,1,1,27856,756,1
0,1,1,0,195,863,1
0,0,0,1,1450,1798,1
1,1,1,0,1080,1996,1
0,0,1,0,647,198,1
1,0,1,0,73,71,1
1,1,1,1,439,564,1
1,1,1,0,1050,145,1
1,0,0,0,85,179,1
1,0,0,0,144,185,1
1,1,1,1,423,427,1
1,1,1,0,394,1012,1
0,1,1,0,289,215,1
1,1,1,1,986,658,1
1,1,1,0,1187,434,1
1,0,1,1,133,98,1
1,1,1,1,245,151,1
0,1,0,1,1059,713,1
1,1,1,0,363,342,1
1,1,1,1,137,177,1
1,1,0,1,3913,165,1
1,1,1,0,304,194,1
1,1,1,1,973,1165,1
1,0,0,0,1175,851,1
1,0,0,0,523,495,1
1,1,0,0,15,49,1
1,0,0,0,1263,774,1
1,1,0,0,503,493,1
1,1,1,0,237,187,1
1,1,1,1,22452,24691,1
1,1,1,1,1070,357,1
1,1,1,0,1118,755,1
1,1,1,1,1249,1746,1
1,0,0,0,67,157,1
1,0,1,0,455,393,1
1,0,1,0,31,117,1
1,1,1,1,344,434,1
1,0,1,0,82,579,1
1,1,1,0,143,569,1
1,1,1,0,808,985,1
1,1,1,0,716,610,1
1,1,1,1,606,270,1
1,0,0,0,249,271,1
1,0,1,1,583,407,1
1,1,1,1,271,261,1
1,1,1,0,390,376,1
1,1,1,1,938,771,1
1,0,1,0,307,281,1
1,0,1,0,126,158,1
1,1,1,1,590,894,1
1,1,1,0,315,311,1
1,1,1,1,2474,224,1
1,1,1,0,140,159,1
1,1,1,0,407,420,1
1,1,0,0,283,225,1
1,1,1,1,1098,525,1
1,1,0,1,182,120,1
1,0,0,0,230,222,1
1,1,1,1,232,236,1
1,1,1,0,219,309,1
1,1,1,0,428,467,1
0,1,1,1,1415,2036,1
1,1,1,0,1103,642,1
0,1,1,1,15,28,1
1,0,1,0,97,158,1
1,1,0,1,230,125,1
1,1,1,0,1282,838,1
1,1,1,1,50,57,1
1,1,1,1,1057,484,1
1,0,0,0,56,255,1
1,0,1,1,2506,1991,1
1,0,1,0,170,295,1
1,1,1,1,226,419,1
1,0,1,1,459,198,1
1,1,0,0,452,389,1
1,1,1,0,408,411,1
1,0,1,0,4825,4572,1
1,1,1,1,378,624,1
1,1,1,0,241,345,1
1,1,1,1,495,516,1
1,1,1,1,2166,1996,1
1,1,0,1,183,300,1
1,1,1,0,267,241,1
1,1,1,1,1227,273,1
1,1,1,0,5,14,1
1,1,1,1,1375,1079,1
1,0,0,0,247,980,1
1,1,1,1,29139,906,1
1,1,1,1,109,81,1
1,1,1,1,1117,142,1
1,0,1,0,794,645,1
1,1,0,1,135,108,1
1,1,1,0,317,629,1
1,1,0,0,36,229,1
1,1,0,1,429,1989,1
1,1,0,0,628,604,1
1,1,0,0,141,311,1
1,1,0,0,1860,1968,1
1,1,1,0,642,675,1
1,1,1,1,614,1170,1
1,0,1,0,111,85,1
1,1,1,0,82,157,1
1,1,1,0,85,144,1
1,1,1,1,393,195,1
1,0,0,0,188,216,1
1,1,1,0,442,289,1
0,1,1,1,42,55,1
1,1,1,0,189,129,1
1,1,1,1,274,1150,1
1,1,1,1,1299,2001,1
1,0,0,0,212,400,1
0,0,1,1,204,459,1
1,1,1,0,1532,517,1
1,0,0,1,159,273,1
1,1,1,1,36,71,1
1,1,1,0,594,731,1
1,1,1,1,3152,2522,1
1,1,1,1,1377,209,1
1,1,1,0,79,262,1
1,1,1,1,2317,1130,1
1,1,1,0,408,244,1
0,1,0,0,1201,1679,1
0,0,0,0,5,4,1
1,1,1,1,1432,592,1
1,1,1,0,930,282,1
1,1,1,0,287,419,1
1,1,1,1,571,1991,1
1,1,1,0,256,564,1
1,1,1,0,341,971,1
1,1,0,0,480,442,1
1,1,1,1,1380,1232,1
1,1,1,0,463,675,1
1,1,1,1,1461,1448,1
1,1,1,0,1467,363,1
1,1,1,0,341,185,1
1,1,0,0,50,141,1
1,0,1,0,191,194,1
1,0,1,1,1277,1202,1
1,1,1,0,639,559,1
1,0,1,0,214,101,1
1,1,1,1,2912,804,1
1,1,1,1,100,103,1
1,0,1,1,6021,5032,1
1,1,0,0,508,1158,1
1,1,0,0,159,154,1
1,1,0,1,1400,402,1
1,1,1,0,348,317,1
1,0,0,0,34,73,1
1,1,0,0,246,172,1
0,0,1,0,66,1024,1
1,1,1,1,153,35,1
1,1,1,0,100,680,1
1,1,1,0,455,1678,1
1,1,1,0,155,536,1
1,0,0,0,287,237,1
1,1,1,0,546,266,1
1,1,1,1,1066,961,1
1,0,0,0,139,133,1
1,0,0,1,577,582,1
1,1,1,0,717,638,1
1,1,1,1,5248,1780,1
1,1,1,1,289,430,1
1,1,1,1,349,342,1
1,0,0,0,323,204,1
1,0,0,0,233,196,1
1,0,0,0,924,1130,1
1,0,0,0,1653,1879,1
1,0,1,0,223,223,1
1,1,1,0,209,315,1
1,0,0,0,91,187,1
1,1,1,1,1625,1054,1
1,1,1,0,113,173,1
1,0,1,0,26,22,1
1,1,1,1,4956,2652,1
1,1,0,1,1824,499,1
1,1,0,0,178,227,1
1,1,1,1,1487,726,1
1,1,1,0,457,232,1
1,0,1,0,97,296,1
1,1,1,1,239,431,1
1,1,1,0,540,1549,1
1,0,0,0,117,214,1
1,0,1,0,20004,2301,1
0,1,1,0,39,133,1
1,1,1,1,2181,1051,1
1,0,0,0,324,238,1
1,1,1,0,354,893,1
1,1,1,0,271,223,1
1,1,0,1,504,43,1
1,1,0,1,561,471,1
1,0,0,0,601,986,1
1,1,1,0,223,217,1
1,0,1,0,1285,715,1
1,0,1,0,366,304,1
1,1,1,1,910,853,1
1,1,0,0,2164,2081,1
1,0,1,0,57,55,1
0,1,1,1,2182,798,1
1,1,1,1,974,1428,1
1,1,1,1,319,198,1
1,1,1,0,94,334,1
1,1,1,1,5883,1146,1
1,0,1,1,253,148,1
1,1,1,0,626,1189,1
1,1,1,0,1013,693,1
0,1,1,0,14,76,1
1,1,1,1,24047,9671,1
1,1,1,0,101,208,1
1,1,1,1,1243,917,1
1,1,1,1,901,1685,1
1,1,1,1,857,803,1
1,1,1,0,376,318,1
0,1,1,0,312,491,1
0,1,1,1,273,258,1
1,1,0,1,254,89,1
1,0,0,0,431,565,1
1,1,1,0,164,397,1
1,1,1,1,4432,2672,1
1,0,0,0,349,1487,1
1,1,0,0,10,14,1
1,1,1,1,1446,1047,1
0,1,1,0,97,172,1
1,1,1,1,244,800,1
0,1,1,0,3062,381,1
1,1,0,0,442,56,1
1,0,0,0,74,268,1
1,0,1,1,2158,939,1
1,1,1,1,1297,1998,1
1,1,1,0,688,566,1
1,1,1,1,471,337,1
1,1,1,1,690,733,1
1,1,1,1,1330,729,1
1,1,1,1,290,444,1
1,0,0,0,653,1416,1
1,1,0,0,584,424,1
1,1,0,0,26,77,1
1,0,1,0,2495,2745,1
1,1,1,0,212,143,1
1,1,1,1,1004,509,1
1,1,1,0,201,243,1
1,1,1,1,38,155,1
1,1,1,0,71,89,1
1,0,1,0,254,336,1
1,0,0,1,3029,1569,1
1,1,1,0,62,467,1
1,0,1,0,619,613,1
1,0,0,1,616,306,1
1,1,1,0,388,177,1
0,0,1,0,980,491,1
1,1,1,1,409,1116,1
1,1,1,1,1248,584,1
1,0,1,0,688,971,1
1,1,1,0,129,249,1
1,1,0,1,66,104,1
1,1,1,0,1158,1999,1
1,1,1,0,328,330,1
1,1,1,1,939,1983,1
1,1,1,0,183,135,1
1,0,0,0,346,319,1
1,1,0,1,180,152,1
1,1,1,1,236,300,1
1,1,0,0,352,424,1
1,0,0,0,13,13,1
1,0,0,0,205,42,1
0,1,0,0,274,481,1
1,1,1,0,49,80,1
1,1,1,0,2354,1710,1
1,1,1,1,398,301,1
1,1,1,0,289,333,1
1,1,1,1,416,345,1
1,1,0,0,46,257,1
1,1,1,1,243,886,1
1,1,1,1,2326,2548,1
1,0,0,0,217,150,1
1,0,1,0,307,275,1
1,0,1,1,967,1997,1
1,0,0,0,2338,973,1
1,0,0,0,106,266,1
1,1,1,1,1581,1000,1
1,1,1,0,566,542,1
1,1,1,1,888,1813,1
1,0,0,0,481,687,1
0,0,0,0,37,54,1
1,1,1,1,380,365,1
1,1,0,0,197,206,1
1,0,1,1,248,855,1
0,1,1,0,267,459,1
1,1,1,1,165,260,1
1,1,0,0,1416,401,1
1,1,1,1,4941,420,1
1,0,1,1,171,169,1
1,0,0,0,31,119,1
0,1,0,0,19,152,1
1,0,1,0,243,393,1
1,1,1,1,513,968,1
0,1,0,0,780,470,1
1,1,1,0,608,262,1
1,0,1,0,664,419,1
0,1,1,0,204,1339,1
1,0,0,0,1738,1837,1
1,1,1,1,531,263,1
1,1,1,1,813,837,1
1,1,1,1,243,832,1
1,1,1,1,1232,1040,1
1,0,1,1,1616,1196,1
1,0,0,0,816,643,1
1,1,1,0,530,586,1
1,1,1,0,1592,359,1
0,0,1,0,658,82,1
1,1,1,1,107,210,1
1,1,1,0,679,319,1
1,0,1,0,481,470,1
1,1,1,1,2044,1740,1
1,1,1,0,61,138,1
1,1,1,1,392,283,1
1,1,1,0,468,155,1
1,0,1,0,393,985,1
0,1,0,1,187,288,1
0,1,0,0,54,48,1
1,1,1,1,771,301,1
1,1,1,1,1276,337,1
1,1,1,0,1884,2069,1
1,0,0,0,621,437,1
1,1,1,1,13095,7672,1
1,1,1,0,640,533,1
1,1,1,0,82,249,1
1,1,1,1,852,1754,1
0,1,1,1,7184,1649,1
1,1,1,1,1097,632,1
1,1,1,0,189,619,1
1,1,1,1,162,258,1
1,1,1,1,192,156,1
1,1,0,0,234,137,1
1,1,0,1,2077,197,1
1,1,1,1,120,137,1
1,0,0,0,286,161,1
0,1,1,1,430,1,1
1,1,1,1,1227,871,1
1,1,1,1,1108,998,1
1,1,0,0,20,239,1
1,1,1,1,1226,597,1
1,1,0,0,597,1202,1
1,1,1,0,768,1557,1
1,1,1,0,879,640,1
1,1,1,1,1045,1588,1
1,1,1,1,295,427,1
1,1,0,0,155,868,1
1,0,1,1,337,355,1
1,0,0,0,4476,4845,1
1,1,1,0,1753,789,1
1,1,1,0,200,78,1
1,1,1,0,448,350,1
1,1,1,1,2295,592,1
1,0,1,1,670,628,1
1,0,1,1,253,359,1
1,1,1,1,777,296,1
1,1,0,0,184,166,1
1,1,0,0,1930,1259,1
1,1,0,0,217,2001,1
0,1,0,0,376,327,1
1,1,1,1,1229,284,1
1,1,1,1,158,152,1
1,1,0,0,149,228,1
1,1,1,0,408,336,1
1,1,1,0,705,580,1
1,0,0,0,392,302,1
0,1,1,1,2135,1799,1
1,0,1,0,243,623,1
0,0,1,0,192,323,1
1,1,0,0,126,366,1
0,1,1,0,658,941,1
1,1,1,0,545,623,1
1,1,1,1,1652,1487,1
1,1,1,1,563,590,1
1,1,1,1,1226,1183,1
1,1,0,1,54,156,1
1,0,0,0,13,12,1
1,0,1,0,6473,588,1
1,1,1,0,132,221,1
1,0,0,0,769,469,1
1,1,1,1,1986,1064,1
1,1,1,1,1060,557,1
1,1,0,0,352,994,1
1,1,1,1,2554,2308,1
1,1,1,1,264,120,1
1,1,1,1,350,210,1
1,1,1,1,128,60,1
0,1,1,0,92,94,1
1,0,0,0,482,316,1
1,1,1,0,44,156,1
1,1,1,1,249,185,1
1,1,1,1,787,1007,1
1,1,1,0,1361,1492,1
1,1,1,1,6093,92,1
1,0,1,1,211,183,1
1,0,1,1,1495,1019,1
1,1,1,1,176,217,1
1,1,1,1,293,289,1
1,1,1,0,766,1099,1
1,1,1,1,269,98,1
0,1,0,0,177,641,1
1,1,1,0,310,409,1
1,0,1,0,755,318,1
1,0,1,1,120,114,1
1,1,1,0,2122,1585,1
1,1,1,1,633,584,1
1,0,1,0,646,604,1
1,1,0,1,205,191,1
1,0,1,0,797,774,1
1,0,1,0,311,381,1
1,0,0,0,375,298,1
1,1,1,1,126,135,1
1,1,1,0,1047,365,1
1,0,0,0,249,219,1
1,1,1,0,228,113,1
1,1,0,0,179,132,1
1,0,1,0,1356,591,1
1,1,1,1,616,564,1
1,1,1,0,2380,957,1
1,1,0,1,406,744,1
1,0,1,0,661,439,1
1,1,1,0,512,641,1
1,1,1,0,585,262,1
1,0,0,0,87,92,1
1,0,0,0,257,240,1
1,1,1,1,824,1496,1
1,1,1,0,1234,532,1
1,1,0,0,93,81,1
1,1,1,1,1908,1156,1
1,1,1,0,1209,713,1
0,1,1,1,174,47,1
0,0,0,0,4,11,1
1,1,1,0,257,144,1
1,0,0,0,423,453,1
0,1,1,1,242,139,1
1,1,1,0,2622,1231,1
1,0,0,0,52,266,1
1,1,1,0,484,1388,1
1,1,1,0,423,524,1
0,1,0,0,109,91,1
1,1,1,0,618,453,1
1,1,1,1,1439,1591,1
1,1,1,1,4126,4094,1
1,1,1,0,31,45,1
0,1,1,1,534,860,1
1,1,1,1,568,387,1
1,1,1,1,2902,660,1
1,1,1,1,877,655,1
1,0,0,1,387,1108,1
1,1,1,0,73,473,1
0,0,0,0,113,329,1
1,1,0,0,266,1413,1
1,1,1,1,3975,1803,1
1,1,1,0,123,320,1
1,1,1,1,834,264,1
1,1,1,0,131,147,1
1,0,1,0,255,300,1
1,1,1,0,321,226,1
1,1,1,0,79,264,1
1,1,1,1,1558,625,1
1,1,1,1,1137,282,1
1,1,0,0,129,123,1
1,0,1,0,287,276,1
1,1,0,1,166,118,1
1,0,1,1,2199,465,1
1,1,0,0,150,53,1
0,1,1,0,79,179,1
1,0,1,0,535,331,1
1,0,1,0,252,889,1
1,0,1,1,5363,667,1
1,0,1,0,6817,311,1
1,1,1,0,599,901,1
1,1,1,0,16186,5242,1
1,1,1,1,854,556,1
1,1,1,0,1283,734,1
0,1,1,0,227,338,1
1,1,1,1,1273,1898,1
1,1,1,1,2407,526,1
1,1,1,0,859,1588,1
1,1,0,0,46,124,1
1,1,1,1,212,185,1
1,0,1,0,302,232,1
1,1,0,0,522,793,1
1,1,0,0,149,153,1
1,0,0,0,141,140,1
1,1,1,0,332,833,1
1,1,1,1,642,1996,1
1,1,1,1,226,186,1
0,1,1,0,179,271,1
1,0,0,0,344,383,1
1,1,1,0,71,181,1
1,0,0,0,26,189,1
1,1,1,1,608,483,1
1,1,1,1,9527,887,1
1,1,0,0,819,758,1
1,1,1,0,2746,2547,1
1,1,1,1,521,605,1
1,0,0,0,370,266,1
1,1,1,0,361,349,1
1,1,0,0,23,147,1
1,1,1,1,144,273,1
1,1,1,1,557,349,1
1,1,1,1,2634,888,1
1,1,0,1,206,356,1
0,1,0,0,48,172,1
1,0,1,0,128,117,1
1,1,1,1,458,603,1
1,0,1,0,1247,740,1
1,1,0,1,543,445,1
1,1,1,1,325,205,1
1,0,1,0,269,183,1
1,1,1,1,3030,283,1
0,1,1,1,558,674,1
1,1,0,0,270,264,1
1,0,1,0,785,550,1
0,0,0,0,21,168,1
1,1,1,1,1341,1971,1
1,1,1,1,702,367,1
1,0,1,1,1209,378,1
1,1,1,0,287,904,1
1,1,1,1,29,16,1
1,1,1,0,168,403,1
1,0,0,0,657,398,1
1,1,0,0,545,458,1
1,1,1,0,132,621,1
1,0,0,0,51,152,1
1,0,1,0,223,177,1
1,1,1,1,535,375,1
1,0,1,1,934,387,1
1,1,1,1,484,475,1
0,0,0,0,116,87,1
1,0,1,0,458,455,1
0,1,0,1,411,831,1
1,1,1,1,336,312,1
1,1,0,0,349,392,1
1,0,1,1,451,406,1
1,1,1,1,591,525,1
1,0,1,0,324,292,1
1,0,0,0,186,171,1
1,0,0,0,555,505,1
1,1,1,1,1846,776,1
1,1,1,0,850,399,1
1,1,1,1,291,295,1
1,1,1,1,88,95,1
1,1,1,0,124,112,1
1,1,1,1,300,193,1
1,1,0,0,421,785,1
1,1,0,1,142,93,1
1,0,1,1,95,92,1
1,0,1,0,292,634,1
1,1,1,1,183,120,1
1,1,1,0,315,319,1
1,0,1,0,236,401,1
1,1,1,0,132,375,1
1,1,1,0,3535,2689,1
1,0,1,0,240,228,1
1,0,0,0,192,521,1
1,1,1,1,2333,764,1
1,1,1,0,514,468,1
1,1,1,1,1171,182,1
1,1,1,1,4493,1894,1
1,0,1,0,2213,828,1
1,1,1,1,179,339,1
1,1,1,0,403,383,1
1,1,1,1,4964,2288,1
1,0,0,0,67,150,1
1,1,1,0,333,379,1
0,0,0,0,25,68,1
1,1,0,1,267,308,1
1,1,1,1,396,585,1
1,1,1,0,146,80,1
1,0,1,1,349,596,1
1,0,0,1,594,842,1
1,1,0,1,86,92,1
1,1,0,0,1440,880,1
1,1,1,1,569,1840,1
1,1,1,1,77,111,1
1,1,1,0,345,514,1
1,0,0,0,137,242,1
1,0,1,0,609,403,1
1,1,1,1,3261,68,1
1,1,1,1,1853,636,1
1,1,1,1,1027,446,1
1,0,0,0,29,69,1
1,1,1,1,3798,2886,1
1,1,1,1,541,467,1
1,1,1,1,6314,6735,1
1,0,1,1,583,367,1
1,1,1,1,612,1613,1
1,1,1,1,261,359,1
1,0,0,0,123,102,1
1,0,1,0,124,161,1
1,1,1,0,231,141,1
1,0,0,1,255,225,1
1,1,1,1,239,286,1
1,0,0,0,439,587,1
1,1,1,0,401,165,1
0,1,1,1,181,216,1
1,1,0,0,713,932,1
1,1,1,0,271,738,1
1,1,1,1,3420,1519,1
0,1,1,1,525,166,1
1,0,1,1,1368,1433,1
1,1,0,0,228,342,1
1,0,1,0,133,215,1
1,1,1,0,116,135,1
1,1,1,0,423,152,1
1,1,1,0,579,663,1
1,0,0,0,1019,1223,1
1,0,0,0,382,365,1
0,1,0,0,1903,790,1
1,1,1,1,623,529,1
1,0,0,0,154,107,1
1,1,1,1,62370,427,1
1,0,1,0,237,100,1
1,1,0,0,407,376,1
1,1,1,1,7065,1822,1
1,1,1,0,5051,454,1
0,0,1,0,33,98,1
1,0,0,0,406,401,1
1,1,1,1,1234,442,1
1,1,1,0,256,454,1
1,0,1,0,1063,79,1
1,1,1,0,19,117,1
1,0,1,0,3232,2439,1
1,0,0,0,346,316,1
1,1,1,1,1231,1997,1
1,1,1,0,1635,1610,1
0,0,0,0,43,155,1
1,1,1,1,723,446,1
1,1,0,0,23,168,1
1,1,1,1,453,302,1
1,0,1,1,278,302,1
1,1,0,0,759,115,1
1,1,0,0,1885,2064,1
1,0,0,0,929,726,1
1,1,1,0,236,124,1
0,1,1,0,191,247,1
1,1,1,1,321,231,1
0,1,1,0,476,519,1
1,1,1,1,2844,1861,1
1,1,1,1,986837,1111,1
1,1,1,1,4955,4359,1
1,1,1,0,5209,1120,1
0,1,1,0,141,50,1
1,1,1,1,1582,1500,1
1,1,1,1,113,255,1
0,1,1,0,127,225,1
1,1,1,0,1497,2004,1
1,1,1,1,93,500,1
1,0,1,0,354,243,1
0,1,0,1,2844,326,1
1,1,1,0,108,105,1
0,1,0,0,252,438,1
1,1,1,1,2280,801,1
1,1,0,0,16,107,1
1,1,0,1,460,480,1
1,1,0,1,131,78,1
1,1,1,1,193,378,1
1,0,0,0,123,164,1
1,1,1,0,248,274,1
1,1,1,0,1120,340,1
1,1,1,0,335,362,1
1,0,0,0,752,201,1
1,0,1,1,155,80,1
1,0,1,0,774,698,1
1,1,1,0,36,125,1
1,1,1,0,1671,1668,1
1,1,0,0,151,550,1
1,1,1,0,897,633,1
1,1,1,0,1227,413,1
1,1,1,1,12875,392,1
1,1,1,0,382,645,1
1,0,0,0,1237,1189,1
1,1,1,1,887,1598,1
1,1,1,1,179,249,1
1,0,1,1,978,126,1
1,1,1,1,2162,792,1
1,1,1,1,4774,3822,1
1,1,1,1,177,442,1
1,1,1,0,89,120,1
1,0,1,0,365,322,1
1,1,1,1,346,1235,1
1,0,1,0,87,55,1
1,1,0,0,41,42,1
1,0,0,0,50,86,1
1,1,0,0,168,346,1
1,1,1,1,4382,864,1
1,1,1,1,692,2001,1
1,1,0,0,418,410,1
1,0,1,0,761,353,1
0,1,0,0,26,62,1
1,1,1,0,135,404,1
1,1,1,0,703,223,1
1,1,1,1,589,517,1
1,0,0,0,89,320,1
1,1,1,1,1787,838,1
1,1,0,0,18,216,1
1,1,1,0,784,508,1
1,1,1,1,442,177,1
1,0,1,0,322,227,1
1,1,1,1,3937,3616,1
1,1,1,1,376,399,1
1,0,0,0,356,382,1
1,0,0,0,524,510,1
1,1,1,0,10483,11711,1
1,1,0,0,212,524,1
1,1,1,1,791,194,1
1,1,1,1,27789,1403,1
0,1,0,0,34,49,1
1,1,1,1,807,907,1
0,1,0,0,123,702,1
0,1,1,0,69,533,1
1,1,1,1,622,475,1
0,0,0,0,582,686,1
1,1,1,0,123,206,1
1,1,1,1,369,224,1
1,1,1,0,1025,873,1
1,1,1,1,1457,282,1
1,1,1,0,493,655,1
1,1,1,0,699,359,1
1,1,1,1,253,110,1
1,1,1,1,804,359,1
1,1,1,1,467,266,1
1,0,1,0,701,468,1
1,0,1,0,4520,230,1
1,1,1,1,1894,2012,1
1,1,1,0,3342,186,1
1,1,1,1,1373,2001,1
1,1,0,0,177,297,1
0,1,1,0,1297,518,1
1,1,1,1,1368,90,1
1,1,1,0,110,98,1
1,0,1,1,574,85,1
1,0,1,1,1972,1122,1
1,1,1,1,1101,1135,1
1,1,0,0,539,420,1
1,1,1,0,3521,987,1
1,1,0,0,152,117,1
1,1,1,1,391,147,1
1,1,0,1,138,737,1
1,0,0,0,154,270,1
1,0,0,0,289,515,1
1,0,1,1,194,136,1
1,1,1,1,196,298,1
1,1,1,0,118,399,1
1,1,0,0,450,277,1
1,0,1,0,55,51,1
0,1,1,0,144,115,1
1,0,0,0,89,66,1
0,1,1,0,58,101,1
1,1,1,0,294,654,1
1,0,0,0,378,132,1
0,1,0,1,612,1518,1
1,0,1,0,458,414,1
1,0,0,0,37,259,1
1,1,1,1,525,561,1
1,1,1,0,1096,844,1
1,1,1,1,1469,1152,1
1,0,1,0,937,314,1
1,1,1,1,361,983,1
1,0,1,1,358,259,1
1,1,1,1,230,65,1
1,1,1,0,119,145,1
1,0,1,0,409,290,1
1,1,1,0,440,620,1
1,0,1,0,112,136,1
1,1,1,1,741,579,1
0,1,1,0,236,445,1
1,0,0,0,339,320,1
1,1,1,1,1484,1307,1
1,0,0,0,414,312,1
1,0,0,0,947,777,1
1,0,1,0,42,24,1
1,1,1,1,2245,1260,1
0,0,1,0,307,395,1
1,1,1,1,917,425,1
1,0,0,0,263,250,1
1,1,0,0,73,212,1
1,0,1,1,594,1408,1
1,1,1,1,35,164,1
1,1,1,1,721,774,1
1,1,1,0,154,152,1
1,1,1,1,11781,12621,1
1,1,1,0,432,315,1
1,0,1,0,555,365,1
0,1,1,1,6584,907,1
1,1,1,1,8375,503,1
1,1,0,0,300,459,1
1,1,1,1,94,113,1
0,0,0,0,10,30,1
1,1,1,1,1061,1726,1
1,1,1,0,222,237,1
1,1,1,0,2850,1777,1
1,0,0,0,273,238,1
1,1,1,1,114727,1362,1
1,1,1,1,159,106,1
1,1,1,1,786,705,1
1,1,1,0,2951,2145,1
1,0,1,0,1247,731,1
1,1,0,0,71,70,1
0,0,0,0,1829,869,1
1,1,1,0,416,67,1
1,1,1,0,76,103,1
1,1,1,0,1007,527,1
1,1,1,0,1201,897,1
1,1,1,0,44,78,1
1,1,1,1,1183,308,1
1,1,1,0,68,265,1
1,0,0,0,14,30,1
1,1,1,1,277,422,1
1,1,1,0,104,386,1
1,0,1,0,101,128,1
1,0,1,0,2143,666,1
1,1,1,0,42,203,1
1,1,1,1,431,1067,1
1,0,1,0,257,260,1
1,1,1,0,271,253,1
0,1,1,0,58,178,1
1,1,0,1,10885,1529,1
1,0,1,0,10545,168,1
1,0,1,0,195,155,1
1,1,1,0,982,1026,1
1,1,1,0,134,94,1
1,1,1,0,34,161,1
1,1,1,1,2031,576,1
1,0,0,0,82,64,1
1,1,1,1,132,174,1
0,1,1,0,75,96,1
0,1,1,1,132,194,1
1,1,1,1,33,326,1
1,1,1,1,1202,1469,1
1,1,1,0,1610,1983,1
1,1,1,1,577,215,1
1,1,1,0,58,138,1
0,1,1,1,683,97,1
1,1,1,1,220,214,1
1,0,0,0,371,314,1
1,1,1,1,1549,348,1
1,1,1,1,275,316,1
1,1,0,1,247,92,1
1,1,1,1,2404,153,1
1,1,1,1,723,487,1
1,1,1,0,539,438,1
1,1,1,0,160,143,1
1,1,1,0,109,136,1
1,1,1,0,2594,473,1
1,1,0,0,806,738,1
1,1,1,1,216,236,1
1,1,0,0,46,59,1
1,1,1,0,196,369,1
1,1,1,1,1271,1993,1
1,0,0,0,147,151,1
1,0,0,1,1030,1258,1
1,1,1,1,399,466,1
1,0,1,0,499,371,1
1,1,1,1,974,856,1
1,1,1,0,2313,77,1
1,1,1,0,82,100,1
1,1,1,0,350,791,1
1,1,1,0,1417,281,1
1,1,1,0,92,171,1
1,1,1,0,224,506,1
1,0,1,0,243,93,1
0,1,1,0,499,226,1
1,0,1,0,149,181,1
1,1,1,1,828,289,1
1,0,1,0,378,251,1
1,0,0,0,22,50,1
1,0,0,0,13,18,1
1,1,1,0,147,321,1
1,1,1,0,1214,1989,1
1,1,0,0,203,245,1
1,1,1,0,253,541,1
1,1,1,1,1620,591,1
1,0,1,1,369,86,1
1,0,1,0,1169,546,1
1,0,1,0,1192,113,1
0,1,1,1,17392,17414,1
1,1,1,1,267,583,1
0,1,1,1,1402,909,1
1,0,1,0,254,250,1
1,1,1,0,3408,167,1
1,1,1,1,986,1241,1
1,0,0,0,248,342,1
1,0,0,0,190,228,1
1,0,1,1,3178,417,1
1,1,0,1,98,154,1
1,1,1,1,266,166,1
1,1,1,0,202,632,1
1,1,1,1,772,931,1
1,0,1,0,672,604,1
1,1,1,1,1154,664,1
1,1,1,1,1585,183,1
1,1,1,1,404,1053,1
0,1,0,0,858,2000,1
0,1,1,0,1951,750,1
1,1,1,0,214,202,1
1,1,1,1,49,45,1
1,1,1,0,211,206,1
1,1,1,1,262,1442,1
1,0,1,1,28726,110,1
1,0,0,0,1,7,1
1,1,1,1,298,386,1
1,0,1,0,27,46,1
1,1,0,0,249,289,1
1,1,1,1,2508,190,1
0,1,0,1,46,86,1
1,1,1,1,308,326,1
1,1,1,0,227,129,1
1,0,0,1,3291,69,1
1,1,1,1,129,670,1
1,1,1,1,342,95,1
1,1,0,0,361,670,1
1,0,0,1,1509,805,1
1,0,1,1,155,195,1
1,1,0,1,285,225,1
1,1,1,0,912,996,1
1,0,1,0,1035,1454,1
1,0,1,0,435,296,1
1,1,1,1,222,162,1
1,1,1,1,2734,997,1
1,1,1,0,295,224,1
1,0,1,1,259,147,1
1,1,1,1,139,278,1
1,1,1,1,236,504,1
1,0,1,0,1334,1188,1
1,1,1,1,4794,525,1
1,1,0,1,266,282,1
1,1,1,0,1325,2000,1
1,1,1,1,49,191,1
1,1,1,0,213,212,1
1,1,1,0,567,478,1
1,0,1,0,65,218,1
1,1,1,0,273,110,1
0,1,1,0,1454,1998,1
1,1,1,0,407,416,1
1,0,0,0,792,678,1
1,1,1,1,307,218,1
1,1,1,1,1248,2001,1
1,1,1,1,1519,462,1
1,1,1,0,367,632,1
1,0,1,0,572,561,1
1,1,1,1,183,188,1
1,0,1,1,246,164,1
1,1,1,1,743,628,1
1,1,0,0,552,737,1
1,0,1,0,3759,1568,1
1,1,1,0,10307,31,1
1,0,0,0,305,318,1
1,0,1,1,1400,422,1
1,0,1,0,2245,65,1
1,1,0,0,109,111,1
0,0,1,0,66,108,1
1,0,0,0,242,233,1
1,1,1,0,136,262,1
1,1,1,0,639,38,1
0,1,0,1,308,1006,1
1,0,1,0,1618,1502,1
1,1,1,1,170,271,1
0,1,1,1,1388,1233,1
1,1,1,0,180,327,1
1,0,1,0,3837,952,1
1,1,1,1,821,552,1
1,1,1,0,1068,1883,1
1,1,1,0,1164,1906,1
1,1,1,1,960,513,1
1,1,1,0,12,34,1
1,1,1,1,4745,2404,1
1,1,1,1,1044,1036,1
1,0,0,0,1364,1015,1
1,1,1,1,680,611,1
1,1,1,1,146,519,1
1,1,1,0,159,381,1
1,0,1,1,2910,158,1
1,1,1,0,1295,88,1
1,1,0,0,447,197,1
1,1,1,0,76,85,1
1,1,1,1,1243,777,1
0,1,1,1,1284,878,1
1,1,1,0,324,196,1
1,1,1,1,720,530,1
1,1,1,0,561,458,1
1,0,0,1,273,116,1
1,1,1,0,182,107,1
1,1,1,0,465,235,1
1,1,0,1,931,1385,1
1,1,1,0,75,142,1
1,1,1,1,75,63,1
1,1,1,0,232,174,1
1,0,0,0,258,308,1
1,1,1,0,491,226,1
1,1,1,1,437,304,1
1,0,1,0,3218,1943,1
1,1,1,0,10273,98,1
1,1,1,0,94,597,1